YEAR,ACT,NSW,NT,QLD,SA,TAS,VIC,WA,Aust,condition,updated
2001,0,0,0,0,0,0,0,0,0,058,"27 July, 2020"
2002,0,0,0,0,0,0,0,0,0,058,"27 July, 2020"
2003,0,0,0,0,0,0,0,0,0,058,"27 July, 2020"
2004,0,0,0,0,0,0,0,0,0,058,"27 July, 2020"
2005,0,0,0,0,0,0,0,0,0,058,"27 July, 2020"
2006,0,1,0,0,0,0,0,0,1,058,"27 July, 2020"
2007,0,0,0,0,0,0,1,0,1,058,"27 July, 2020"
2008,0,0,0,0,0,0,0,0,0,058,"27 July, 2020"
2009,0,0,0,0,0,0,0,0,0,058,"27 July, 2020"
2010,0,1,0,0,0,0,0,0,1,058,"27 July, 2020"
2011,0,0,0,0,0,0,0,0,0,058,"27 July, 2020"
2012,0,0,0,0,0,0,0,0,0,058,"27 July, 2020"
2013,0,0,0,0,0,0,0,0,0,058,"27 July, 2020"
2014,0,0,0,0,0,0,0,0,0,058,"27 July, 2020"
2015,0,0,0,0,0,0,0,0,0,058,"27 July, 2020"
2016,0,0,0,0,0,0,0,0,0,058,"27 July, 2020"
2017,0,0,0,0,0,0,0,0,0,058,"27 July, 2020"
2018,0,0,0,0,0,0,0,0,0,058,"27 July, 2020"
2019,0,0,0,0,0,0,0,0,0,058,"27 July, 2020"
2020,0,0,0,0,0,0,0,0,0,058,"27 July, 2020"
2001,0,0,0,0,0,0,0,0,0,063,"27 July, 2020"
2002,0,0,0,0,0,0,0,0,0,063,"27 July, 2020"
2003,0,0,0,0,0,0,0,0,0,063,"27 July, 2020"
2004,0,0,0,0,0,0,0,0,0,063,"27 July, 2020"
2005,0,0,0,0,0,0,0,0,0,063,"27 July, 2020"
2006,0,0,0,0,0,0,0,0,0,063,"27 July, 2020"
2007,0,0,0,0,0,0,0,0,0,063,"27 July, 2020"
2008,0,0,0,0,0,0,0,0,0,063,"27 July, 2020"
2009,0,0,0,0,0,0,0,0,0,063,"27 July, 2020"
2010,0,0,0,0,0,0,0,0,0,063,"27 July, 2020"
2011,0,0,0,0,0,0,0,0,0,063,"27 July, 2020"
2012,0,0,0,0,0,0,0,0,0,063,"27 July, 2020"
2013,0,0,0,1,0,0,0,0,1,063,"27 July, 2020"
2014,0,0,0,0,0,0,0,0,0,063,"27 July, 2020"
2015,0,0,0,0,0,0,0,0,0,063,"27 July, 2020"
2016,0,0,0,0,0,0,0,0,0,063,"27 July, 2020"
2017,0,0,0,0,0,0,0,0,0,063,"27 July, 2020"
2018,0,0,0,0,0,0,0,0,0,063,"27 July, 2020"
2019,0,0,0,0,0,0,0,0,0,063,"27 July, 2020"
2020,0,0,0,0,0,0,0,0,0,063,"27 July, 2020"
1995,5,271,13,445,3,0,6,16,759,048,"27 July, 2020"
1996,2,172,30,573,3,0,44,52,876,048,"27 July, 2020"
1997,1,185,39,361,3,0,35,63,687,048,"27 July, 2020"
1998,0,134,24,330,1,0,17,18,524,048,"27 July, 2020"
1999,0,248,18,310,0,2,13,46,637,048,"27 July, 2020"
2000,0,197,11,345,12,1,19,58,643,048,"27 July, 2020"
2001,2,395,37,602,6,1,20,75,1138,048,"27 July, 2020"
2002,0,395,23,386,3,0,60,39,906,048,"27 July, 2020"
2003,1,450,14,869,2,0,8,21,1365,048,"27 July, 2020"
2004,2,401,22,581,7,0,16,69,1098,048,"27 July, 2020"
2005,0,449,51,680,40,1,14,78,1313,048,"27 July, 2020"
2006,8,642,130,950,187,0,30,179,2126,048,"27 July, 2020"
2007,6,574,91,822,60,0,26,129,1708,048,"27 July, 2020"
2008,7,530,75,1242,38,1,31,155,2079,048,"27 July, 2020"
2009,3,359,118,794,36,3,17,141,1471,048,"27 July, 2020"
2010,4,260,82,906,58,3,77,74,1464,048,"27 July, 2020"
2011,2,461,63,870,129,2,188,150,1865,048,"27 July, 2020"
2012,2,356,87,979,48,0,40,215,1727,048,"27 July, 2020"
2013,6,427,405,2223,75,3,72,1025,4236,048,"27 July, 2020"
2014,1,163,30,473,1,0,18,54,740,048,"27 July, 2020"
2015,2,182,26,360,1,1,10,46,628,048,"27 July, 2020"
2016,0,43,13,250,5,0,5,13,329,048,"27 July, 2020"
2017,0,123,18,241,2,0,17,47,448,048,"27 July, 2020"
2018,1,74,4,217,5,1,6,36,344,048,"27 July, 2020"
2019,0,63,5,149,5,13,6,14,255,048,"27 July, 2020"
2020,0,184,5,276,1,0,0,14,480,048,"27 July, 2020"
1992,0,NN,NN,0,NN,0,0,NN,0,045,"27 July, 2020"
1993,0,NN,NN,0,0,0,0,NN,0,045,"27 July, 2020"
1994,0,NN,NN,0,0,0,0,NN,0,045,"27 July, 2020"
1995,0,NN,NN,0,0,0,0,NN,0,045,"27 July, 2020"
1996,0,NN,NN,0,0,0,0,NN,0,045,"27 July, 2020"
1997,0,NN,NN,0,0,0,0,NN,0,045,"27 July, 2020"
1998,0,0,0,0,1,0,0,NN,1,045,"27 July, 2020"
1999,0,1,0,0,0,0,0,NN,1,045,"27 July, 2020"
2000,0,0,1,0,0,0,1,NN,2,045,"27 July, 2020"
2001,0,0,0,1,0,0,1,0,2,045,"27 July, 2020"
2002,0,0,0,0,0,0,0,0,0,045,"27 July, 2020"
2003,0,0,0,0,1,0,0,0,1,045,"27 July, 2020"
2004,0,1,0,0,0,0,0,0,1,045,"27 July, 2020"
2005,0,0,0,2,0,0,1,0,3,045,"27 July, 2020"
2006,0,0,0,1,0,0,0,0,1,045,"27 July, 2020"
2007,0,0,0,0,0,0,1,0,1,045,"27 July, 2020"
2008,0,0,0,0,0,0,0,0,0,045,"27 July, 2020"
2009,0,0,0,1,0,0,0,0,1,045,"27 July, 2020"
2010,0,0,0,0,0,0,0,0,0,045,"27 July, 2020"
2011,0,2,0,0,0,0,0,0,2,045,"27 July, 2020"
2012,0,0,0,0,0,0,0,0,0,045,"27 July, 2020"
2013,0,2,0,0,0,0,2,0,4,045,"27 July, 2020"
2014,0,0,0,1,0,0,0,0,1,045,"27 July, 2020"
2015,0,1,0,0,0,0,1,1,3,045,"27 July, 2020"
2016,0,0,0,0,0,0,0,0,0,045,"27 July, 2020"
2017,0,1,0,0,1,0,0,0,2,045,"27 July, 2020"
2018,0,0,0,0,0,0,0,0,0,045,"27 July, 2020"
2019,0,1,0,0,1,0,0,0,2,045,"27 July, 2020"
2020,0,0,0,0,0,0,0,0,0,045,"27 July, 2020"
1991,0,2,0,22,0,0,2,0,26,004,"27 July, 2020"
1992,0,2,0,28,0,0,0,0,30,004,"27 July, 2020"
1993,0,4,0,12,0,0,0,0,16,004,"27 July, 2020"
1994,0,4,0,31,1,0,1,0,37,004,"27 July, 2020"
1995,0,2,0,21,0,0,1,1,25,004,"27 July, 2020"
1996,0,1,0,34,0,0,5,0,40,004,"27 July, 2020"
1997,0,3,0,33,0,0,1,0,37,004,"27 July, 2020"
1998,2,3,0,35,0,0,2,0,42,004,"27 July, 2020"
1999,0,2,0,49,0,0,3,0,54,004,"27 July, 2020"
2000,0,1,0,27,0,0,0,0,28,004,"27 July, 2020"
2001,0,1,0,17,1,0,1,0,20,004,"27 July, 2020"
2002,0,2,0,34,0,0,2,1,39,004,"27 July, 2020"
2003,0,3,0,12,2,0,3,0,20,004,"27 July, 2020"
2004,0,7,0,28,0,0,3,0,38,004,"27 July, 2020"
2005,0,3,0,37,0,0,1,0,41,004,"27 July, 2020"
2006,0,9,0,39,0,0,1,1,50,004,"27 July, 2020"
2007,0,4,0,29,1,1,1,1,37,004,"27 July, 2020"
2008,0,1,0,45,0,0,0,0,46,004,"27 July, 2020"
2009,0,4,0,22,2,0,3,1,32,004,"27 July, 2020"
2010,0,2,2,16,1,0,0,0,21,004,"27 July, 2020"
2011,0,6,0,29,0,0,1,1,37,004,"27 July, 2020"
2012,0,6,0,23,1,0,0,1,31,004,"27 July, 2020"
2013,0,3,0,11,0,0,0,0,14,004,"27 July, 2020"
2014,0,4,1,8,0,0,4,0,17,004,"27 July, 2020"
2015,0,11,1,7,0,0,0,0,19,004,"27 July, 2020"
2016,0,8,0,8,0,0,0,2,18,004,"27 July, 2020"
2017,0,7,0,10,1,0,1,0,19,004,"27 July, 2020"
2018,0,9,0,15,0,0,3,1,28,004,"27 July, 2020"
2019,0,4,0,5,0,0,0,0,9,004,"27 July, 2020"
2020,0,2,0,10,0,0,0,0,12,004,"27 July, 2020"
1991,0,0,0,0,0,0,0,0,0,081,"27 July, 2020"
1992,0,0,0,0,0,0,0,0,0,081,"27 July, 2020"
1993,0,0,0,0,0,0,0,0,0,081,"27 July, 2020"
1994,0,0,0,0,0,0,0,0,0,081,"27 July, 2020"
1995,0,0,0,0,0,0,0,0,0,081,"27 July, 2020"
1996,0,0,0,0,0,0,0,0,0,081,"27 July, 2020"
1997,0,0,0,0,0,0,0,0,0,081,"27 July, 2020"
1998,0,0,0,0,0,0,0,0,0,081,"27 July, 2020"
1999,0,0,0,0,0,0,0,0,0,081,"27 July, 2020"
2000,0,0,0,0,0,0,0,0,0,081,"27 July, 2020"
2001,0,0,0,0,0,0,0,0,0,081,"27 July, 2020"
2002,0,0,0,0,0,0,0,0,0,081,"27 July, 2020"
2003,0,0,0,0,0,0,0,0,0,081,"27 July, 2020"
2004,0,0,0,0,0,0,0,0,0,081,"27 July, 2020"
2005,0,0,0,0,0,0,0,0,0,081,"27 July, 2020"
2006,0,0,0,0,0,0,0,0,0,081,"27 July, 2020"
2007,0,0,0,0,0,0,0,0,0,081,"27 July, 2020"
2008,0,0,0,0,0,0,0,0,0,081,"27 July, 2020"
2009,0,0,0,0,0,0,0,0,0,081,"27 July, 2020"
2010,0,0,0,0,0,0,0,0,0,081,"27 July, 2020"
2011,0,0,0,0,0,0,0,0,0,081,"27 July, 2020"
2012,0,0,0,0,0,0,0,0,0,081,"27 July, 2020"
2013,0,0,0,0,0,0,0,0,0,081,"27 July, 2020"
2014,0,0,0,0,0,0,0,0,0,081,"27 July, 2020"
2015,0,0,0,0,0,0,0,0,0,081,"27 July, 2020"
2016,0,0,0,0,0,0,0,0,0,081,"27 July, 2020"
2017,0,0,0,0,0,0,0,0,0,081,"27 July, 2020"
2018,0,0,0,0,0,0,0,0,0,081,"27 July, 2020"
2019,0,0,0,0,0,0,0,0,0,081,"27 July, 2020"
2020,113,3675,31,1078,446,229,8080,653,14305,081,"27 July, 2020"
1991,39,NN,414,2761,1597,736,2515,939,9001,005,"27 July, 2020"
1992,35,NN,403,2991,2190,425,2232,998,9274,005,"27 July, 2020"
1993,161,NN,362,2472,1686,438,2248,905,8272,005,"27 July, 2020"
1994,299,NN,321,2128,2263,499,3591,1065,10166,005,"27 July, 2020"
1995,289,NN,359,2096,3292,478,3038,1546,11098,005,"27 July, 2020"
1996,256,NN,258,3089,2633,469,3534,1922,12161,005,"27 July, 2020"
1997,264,NN,205,4086,1927,334,3798,1382,11996,005,"27 July, 2020"
1998,397,NN,205,4386,2286,354,3408,1675,12711,005,"27 July, 2020"
1999,290,NN,237,3202,2406,412,4419,1413,12379,005,"27 July, 2020"
2000,334,NN,193,3680,1884,513,5063,1982,13649,005,"27 July, 2020"
2001,425,NN,284,3961,2668,677,5497,2593,16105,005,"27 July, 2020"
2002,367,NN,208,3873,2502,605,5014,2144,14713,005,"27 July, 2020"
2003,406,NN,271,3838,2645,631,5598,1975,15364,005,"27 July, 2020"
2004,380,NN,215,4106,1965,611,6375,1935,15587,005,"27 July, 2020"
2005,406,NN,255,4413,2115,762,6100,2441,16492,005,"27 July, 2020"
2006,405,NN,263,3966,2521,597,5750,1934,15436,005,"27 July, 2020"
2007,423,NN,289,4433,2694,717,6348,2088,16992,005,"27 July, 2020"
2008,382,NN,257,4818,2003,487,5778,1836,15561,005,"27 July, 2020"
2009,472,NN,205,4599,1761,651,5840,2577,16105,005,"27 July, 2020"
2010,555,NN,165,4785,1778,738,6645,2326,16992,005,"27 July, 2020"
2011,496,NN,160,5128,2127,864,6770,2177,17722,005,"27 July, 2020"
2012,477,NN,175,4181,2161,881,5921,1906,15702,005,"27 July, 2020"
2013,375,NN,198,3832,1722,696,5940,1926,14689,005,"27 July, 2020"
2014,505,NN,294,6220,1807,938,7212,2962,19938,005,"27 July, 2020"
2015,608,NN,371,7546,1818,1035,8280,2892,22550,005,"27 July, 2020"
2016,581,NN,442,7203,3200,1060,8276,3409,24171,005,"27 July, 2020"
2017,472,NN,393,7628,3113,730,6828,3391,22555,005,"27 July, 2020"
2018,532,NN,346,8299,3092,628,6678,3455,23030,005,"27 July, 2020"
2019,624,10745,423,9154,3286,911,7218,3520,35881,005,"27 July, 2020"
2020,321,4680,189,4340,1337,541,3494,1395,16297,005,"27 July, 2020"
1991,0,0,0,1,0,0,0,0,1,006,"27 July, 2020"
1992,0,0,0,1,0,0,0,1,2,006,"27 July, 2020"
1993,0,0,0,0,0,0,0,0,0,006,"27 July, 2020"
1994,0,0,0,0,0,0,0,0,0,006,"27 July, 2020"
1995,0,0,0,0,0,0,0,0,0,006,"27 July, 2020"
1996,0,0,0,0,0,0,0,0,0,006,"27 July, 2020"
1997,0,0,0,0,0,0,0,1,1,006,"27 July, 2020"
1998,0,0,0,0,0,0,0,1,1,006,"27 July, 2020"
1999,0,0,0,0,0,0,0,0,0,006,"27 July, 2020"
2001,0,0,0,0,0,0,0,0,0,006,"27 July, 2020"
2002,0,0,0,0,0,0,0,0,0,006,"27 July, 2020"
2003,0,0,0,0,0,0,0,0,0,006,"27 July, 2020"
2004,0,0,0,0,0,0,0,0,0,006,"27 July, 2020"
2005,0,0,0,0,0,0,0,0,0,006,"27 July, 2020"
2006,0,0,0,0,0,0,0,0,0,006,"27 July, 2020"
2007,0,0,0,0,0,0,0,0,0,006,"27 July, 2020"
2008,0,0,0,0,0,0,0,0,0,006,"27 July, 2020"
2009,0,0,0,0,0,0,0,0,0,006,"27 July, 2020"
2010,0,0,0,0,0,0,0,0,0,006,"27 July, 2020"
2011,0,0,0,0,0,0,0,0,0,006,"27 July, 2020"
2012,0,0,0,0,0,0,0,0,0,006,"27 July, 2020"
2013,0,0,0,0,0,0,0,0,0,006,"27 July, 2020"
2014,0,0,0,0,0,0,0,0,0,006,"27 July, 2020"
2015,0,0,0,0,0,0,0,0,0,006,"27 July, 2020"
2016,0,0,0,0,0,0,0,0,0,006,"27 July, 2020"
2017,0,0,0,0,0,0,0,0,0,006,"27 July, 2020"
2018,0,0,0,0,0,0,0,0,0,006,"27 July, 2020"
2019,0,0,0,0,0,0,0,0,0,006,"27 July, 2020"
2020,0,0,0,0,0,0,0,0,0,006,"27 July, 2020"
1991,0,0,0,0,0,0,0,0,0,078,"27 July, 2020"
1992,0,0,0,0,0,0,0,0,0,078,"27 July, 2020"
1993,0,0,0,0,0,0,0,0,0,078,"27 July, 2020"
1994,0,0,0,0,0,0,0,0,0,078,"27 July, 2020"
1995,0,0,0,0,0,0,0,0,0,078,"27 July, 2020"
1996,0,0,0,0,0,0,0,0,0,078,"27 July, 2020"
1997,0,0,0,0,0,0,0,0,0,078,"27 July, 2020"
1998,0,0,0,0,0,0,0,0,0,078,"27 July, 2020"
1999,0,0,0,0,0,0,0,0,0,078,"27 July, 2020"
2000,0,0,0,0,0,0,0,0,0,078,"27 July, 2020"
2001,0,0,0,0,0,0,0,0,0,078,"27 July, 2020"
2002,0,1,0,0,0,0,0,0,1,078,"27 July, 2020"
2003,0,0,0,0,0,0,0,0,0,078,"27 July, 2020"
2004,0,0,2,0,0,0,0,0,2,078,"27 July, 2020"
2005,0,0,0,0,0,0,0,0,0,078,"27 July, 2020"
2006,0,0,0,0,0,0,3,0,3,078,"27 July, 2020"
2007,0,0,1,0,0,0,1,0,2,078,"27 July, 2020"
2008,0,5,0,2,1,NN,2,2,12,078,"27 July, 2020"
2009,NN,8,2,4,0,0,6,10,30,078,"27 July, 2020"
2010,NN,15,10,5,3,1,17,11,62,078,"27 July, 2020"
2011,0,10,1,3,3,1,17,4,39,078,"27 July, 2020"
2012,0,2,0,1,2,0,10,4,19,078,"27 July, 2020"
2013,0,24,3,14,7,1,31,54,134,078,"27 July, 2020"
2014,0,28,0,25,7,0,25,25,110,078,"27 July, 2020"
2015,1,36,7,17,2,0,39,11,113,078,"27 July, 2020"
2016,0,39,1,7,7,2,43,15,114,078,"27 July, 2020"
2017,0,47,0,6,1,4,30,11,99,078,"27 July, 2020"
2018,1,15,0,2,4,0,16,3,41,078,"27 July, 2020"
2019,0,32,1,9,2,1,31,9,85,078,"27 July, 2020"
2020,3,4,0,4,4,0,4,6,25,078,"27 July, 2020"
1994,88,NN,737,2443,729,286,2009,831,7123,007,"27 July, 2020"
1995,80,NN,520,2412,768,279,1300,1021,6380,007,"27 July, 2020"
1996,111,NN,671,3259,1027,280,1596,1441,8385,007,"27 July, 2020"
1997,142,NN,629,3507,1859,243,1917,1587,9884,007,"27 July, 2020"
1998,194,NN,791,4073,2067,197,2459,2069,11850,007,"27 July, 2020"
1999,177,2450,855,4478,1008,252,2957,1903,14080,007,"27 July, 2020"
2000,244,3479,1002,4937,990,324,3356,2584,16916,007,"27 July, 2020"
2001,302,4465,1256,5628,1458,370,4015,2701,20195,007,"27 July, 2020"
2002,468,5793,1446,6480,1798,472,4934,3040,24431,007,"27 July, 2020"
2003,528,7752,1647,7693,1992,601,6450,3761,30424,007,"27 July, 2020"
2004,628,9973,1617,8879,2423,616,7695,4333,36164,007,"27 July, 2020"
2005,712,11218,1627,9723,2763,868,8998,5420,41329,007,"27 July, 2020"
2006,839,12015,2057,12241,3204,1043,10032,6111,47542,007,"27 July, 2020"
2007,909,12430,2178,12968,3536,1122,11189,7700,52032,007,"27 July, 2020"
2008,997,13999,2289,15191,3710,1472,12313,8644,58615,007,"27 July, 2020"
2009,951,14949,2446,16689,3850,1466,14011,8831,63193,007,"27 July, 2020"
2010,1161,18218,2662,19211,4401,2008,16531,10175,74367,007,"27 July, 2020"
2011,1261,20568,2629,18638,5267,1776,19270,11671,81080,007,"27 July, 2020"
2012,1283,21290,2722,18830,5066,1781,20467,11796,83235,007,"27 July, 2020"
2013,1270,20819,3004,20325,5531,1538,19604,11742,83833,007,"27 July, 2020"
2014,1197,22914,2997,21139,5494,1776,19957,11342,86816,007,"27 July, 2020"
2015,1266,22563,2737,21185,5384,1666,20448,11170,86419,007,"27 July, 2020"
2016,1362,26010,2631,22766,5483,1688,22870,11811,94621,007,"27 July, 2020"
2017,1465,28984,2667,23815,5913,1584,25316,11497,101241,007,"27 July, 2020"
2018,1579,31095,2780,23783,6249,1563,26234,11521,104804,007,"27 July, 2020"
2019,1650,32590,3021,24189,6432,1532,21558,11558,102530,007,"27 July, 2020"
2020,830,15226,1373,12542,3283,698,1261,6140,41353,007,"27 July, 2020"
1991,0,0,0,0,0,0,1,0,1,008,"27 July, 2020"
1992,0,0,0,1,2,0,0,1,4,008,"27 July, 2020"
1993,0,1,0,4,0,0,0,1,6,008,"27 July, 2020"
1994,0,0,0,2,0,0,1,0,3,008,"27 July, 2020"
1995,2,1,0,2,0,0,0,1,6,008,"27 July, 2020"
1996,0,3,0,1,1,0,0,0,5,008,"27 July, 2020"
1997,0,1,0,0,0,0,0,0,1,008,"27 July, 2020"
1998,0,1,0,1,0,0,1,0,3,008,"27 July, 2020"
1999,0,2,0,0,0,0,1,0,3,008,"27 July, 2020"
2000,0,0,0,0,2,0,0,0,2,008,"27 July, 2020"
2001,0,1,0,0,1,0,1,0,3,008,"27 July, 2020"
2002,0,1,0,0,3,0,1,0,5,008,"27 July, 2020"
2003,0,0,0,0,1,0,0,0,1,008,"27 July, 2020"
2004,0,1,0,1,0,0,2,1,5,008,"27 July, 2020"
2005,0,0,0,0,0,0,2,1,3,008,"27 July, 2020"
2006,0,3,0,0,0,0,0,0,3,008,"27 July, 2020"
2007,0,2,0,1,0,0,0,0,3,008,"27 July, 2020"
2008,0,2,0,0,0,0,0,2,4,008,"27 July, 2020"
2009,0,3,0,0,0,0,1,0,4,008,"27 July, 2020"
2010,0,2,0,0,0,0,0,1,3,008,"27 July, 2020"
2011,0,0,0,5,0,0,0,1,6,008,"27 July, 2020"
2012,0,2,0,1,2,0,0,0,5,008,"27 July, 2020"
2013,0,2,0,0,0,0,1,0,3,008,"27 July, 2020"
2014,0,0,0,0,0,0,2,0,2,008,"27 July, 2020"
2015,0,1,0,0,1,0,0,0,2,008,"27 July, 2020"
2016,0,0,0,0,0,0,1,0,1,008,"27 July, 2020"
2017,0,1,0,0,0,0,0,1,2,008,"27 July, 2020"
2018,0,0,0,0,0,0,0,0,0,008,"27 July, 2020"
2019,0,0,1,0,0,0,1,0,2,008,"27 July, 2020"
2020,0,0,0,0,0,0,0,0,0,008,"27 July, 2020"
2001,10,195,258,415,65,78,440,164,1625,061,"27 July, 2020"
2002,36,306,217,2022,125,47,284,226,3263,061,"27 July, 2020"
2003,8,203,96,162,80,26,208,437,1220,061,"27 July, 2020"
2004,6,353,111,674,82,18,306,125,1675,061,"27 July, 2020"
2005,27,848,83,1366,168,22,513,183,3210,061,"27 July, 2020"
2006,79,778,71,699,202,28,1097,251,3205,061,"27 July, 2020"
2007,9,545,111,431,449,37,622,604,2808,061,"27 July, 2020"
2008,11,485,102,695,60,36,451,163,2003,061,"27 July, 2020"
2009,106,1463,151,1457,106,67,1038,235,4623,061,"27 July, 2020"
2010,12,349,97,301,48,100,434,141,1482,061,"27 July, 2020"
2011,13,360,94,465,128,42,260,449,1811,061,"27 July, 2020"
2012,19,684,235,1371,162,42,461,168,3142,061,"27 July, 2020"
2013,39,1108,89,769,135,74,1266,372,3852,061,"27 July, 2020"
2014,30,420,87,668,224,33,636,310,2408,061,"27 July, 2020"
2015,26,1052,123,1314,419,19,856,255,4064,061,"27 July, 2020"
2016,48,1202,280,2368,432,33,813,245,5421,061,"27 July, 2020"
2017,83,1253,90,1288,352,44,1185,400,4695,061,"27 July, 2020"
2018,24,700,105,1067,196,37,760,122,3011,061,"27 July, 2020"
2019,15,673,143,723,128,26,759,211,2678,061,"27 July, 2020"
2020,13,397,39,584,69,7,330,462,1901,061,"27 July, 2020"
1991,NN,3,1,13,0,0,0,0,17,003,"27 July, 2020"
1992,NN,2,10,338,1,0,1,0,352,003,"27 July, 2020"
1993,0,4,5,655,0,0,0,0,664,003,"27 July, 2020"
1994,0,1,5,3,1,0,0,1,11,003,"27 July, 2020"
1995,0,13,9,13,1,1,0,2,39,003,"27 July, 2020"
1996,1,15,5,91,2,0,0,9,123,003,"27 July, 2020"
1997,1,16,7,128,2,1,3,13,171,003,"27 July, 2020"
1998,7,56,10,474,3,2,9,20,581,003,"27 July, 2020"
1999,2,12,31,61,7,0,0,18,131,003,"27 July, 2020"
2000,1,20,94,85,6,0,3,7,216,003,"27 July, 2020"
2001,11,57,43,42,7,2,6,15,183,003,"27 July, 2020"
2002,3,70,32,82,8,1,10,18,224,003,"27 July, 2020"
2003,7,71,21,728,9,1,14,17,868,003,"27 July, 2020"
2004,6,30,19,273,4,1,10,7,350,003,"27 July, 2020"
2005,2,48,14,116,5,0,15,19,219,003,"27 July, 2020"
2006,6,53,21,76,11,0,5,16,188,003,"27 July, 2020"
2007,3,81,15,119,23,3,17,54,315,003,"27 July, 2020"
2008,6,156,23,225,30,6,11,98,555,003,"27 July, 2020"
2009,18,134,32,1029,19,2,38,132,1404,003,"27 July, 2020"
2010,15,235,42,282,23,7,121,503,1228,003,"27 July, 2020"
2011,15,141,24,185,23,3,109,321,821,003,"27 July, 2020"
2012,22,290,68,243,51,8,330,527,1539,003,"27 July, 2020"
2013,12,298,56,486,75,19,412,480,1838,003,"27 July, 2020"
2014,16,376,62,393,72,17,335,450,1721,003,"27 July, 2020"
2015,19,345,55,264,74,19,384,554,1714,003,"27 July, 2020"
2016,38,482,97,390,115,32,525,559,2238,003,"27 July, 2020"
2017,40,317,29,229,41,8,294,178,1136,003,"27 July, 2020"
2018,20,288,26,169,45,10,236,138,932,003,"27 July, 2020"
2019,33,467,35,244,68,20,265,331,1463,003,"27 July, 2020"
2020,2,53,12,38,21,2,6,61,195,003,"27 July, 2020"
1991,0,1,0,0,0,0,0,0,1,009,"27 July, 2020"
1992,0,0,3,0,1,0,0,0,4,009,"27 July, 2020"
1993,0,0,0,0,0,0,0,0,0,009,"27 July, 2020"
1994,0,0,0,0,0,0,0,0,0,009,"27 July, 2020"
1995,0,0,0,0,0,0,0,0,0,009,"27 July, 2020"
1996,0,0,0,0,0,0,0,0,0,009,"27 July, 2020"
1997,0,0,0,0,0,0,0,0,0,009,"27 July, 2020"
1998,0,0,0,0,0,0,0,0,0,009,"27 July, 2020"
1999,0,0,0,0,0,0,0,0,0,009,"27 July, 2020"
2000,0,0,0,0,0,0,0,0,0,009,"27 July, 2020"
2001,0,0,1,0,0,0,0,0,1,009,"27 July, 2020"
2002,0,0,0,0,0,0,0,0,0,009,"27 July, 2020"
2003,0,0,0,0,0,0,0,0,0,009,"27 July, 2020"
2004,0,0,0,0,0,0,0,0,0,009,"27 July, 2020"
2005,0,0,0,0,0,0,0,0,0,009,"27 July, 2020"
2006,0,0,0,0,0,0,0,0,0,009,"27 July, 2020"
2007,0,0,0,0,0,0,0,0,0,009,"27 July, 2020"
2008,0,0,0,0,0,0,0,0,0,009,"27 July, 2020"
2009,0,0,0,0,0,0,0,0,0,009,"27 July, 2020"
2010,0,0,0,0,0,0,0,0,0,009,"27 July, 2020"
2011,0,0,1,3,0,0,0,0,4,009,"27 July, 2020"
2012,0,0,0,0,0,0,0,0,0,009,"27 July, 2020"
2013,0,0,0,2,1,0,0,0,3,009,"27 July, 2020"
2014,0,0,0,2,0,0,0,0,2,009,"27 July, 2020"
2015,0,0,0,2,0,0,0,0,2,009,"27 July, 2020"
2016,0,0,0,8,0,0,0,0,8,009,"27 July, 2020"
2017,0,0,0,4,0,0,3,1,8,009,"27 July, 2020"
2018,0,4,0,6,1,0,0,0,11,009,"27 July, 2020"
2019,0,1,0,5,0,0,1,0,7,009,"27 July, 2020"
2020,0,0,0,2,1,0,0,0,3,009,"27 July, 2020"
1991,0,NN,20,14,NN,NN,0,38,72,010,"27 July, 2020"
1992,0,NN,39,17,NN,NN,0,26,82,010,"27 July, 2020"
1993,0,NN,37,17,NN,0,0,17,71,010,"27 July, 2020"
1994,0,NN,74,28,NN,0,0,19,121,010,"27 July, 2020"
1995,0,NN,45,21,NN,0,0,23,89,010,"27 July, 2020"
1996,0,NN,23,14,NN,0,0,22,59,010,"27 July, 2020"
1997,0,NN,33,8,NN,0,0,12,53,010,"27 July, 2020"
1998,0,NN,18,10,NN,0,0,8,36,010,"27 July, 2020"
1999,0,NN,6,4,NN,0,0,7,17,010,"27 July, 2020"
2000,0,NN,7,12,NN,0,0,3,22,010,"27 July, 2020"
2001,0,NN,13,10,NN,0,0,9,32,010,"27 July, 2020"
2002,0,0,9,6,0,0,0,2,17,010,"27 July, 2020"
2003,0,0,6,9,0,0,0,1,16,010,"27 July, 2020"
2004,0,0,6,3,0,0,0,1,10,010,"27 July, 2020"
2005,0,0,4,8,0,0,0,1,13,010,"27 July, 2020"
2006,0,0,2,4,0,0,0,0,6,010,"27 July, 2020"
2007,0,0,1,2,0,0,0,0,3,010,"27 July, 2020"
2008,0,0,1,1,0,0,0,0,2,010,"27 July, 2020"
2009,0,0,0,1,0,0,0,0,1,010,"27 July, 2020"
2010,0,0,0,1,0,0,0,0,1,010,"27 July, 2020"
2011,0,0,0,0,0,0,0,0,0,010,"27 July, 2020"
2012,0,0,0,0,0,0,0,1,1,010,"27 July, 2020"
2013,0,0,0,0,0,0,0,0,0,010,"27 July, 2020"
2014,0,0,0,0,0,0,0,1,1,010,"27 July, 2020"
2015,0,0,0,0,0,0,0,0,0,010,"27 July, 2020"
2016,0,0,0,0,0,0,0,0,0,010,"27 July, 2020"
2017,0,0,0,0,0,0,0,0,0,010,"27 July, 2020"
2018,0,0,0,0,0,0,0,0,0,010,"27 July, 2020"
2019,0,0,0,0,0,0,0,0,0,010,"27 July, 2020"
2020,0,0,0,0,0,0,0,0,0,010,"27 July, 2020"
1991,0,0,0,29,72,0,0,0,101,001,"27 July, 2020"
1992,0,3,8,31,0,0,0,0,42,001,"27 July, 2020"
1993,0,1,0,64,0,0,15,0,80,001,"27 July, 2020"
1994,0,1,0,5,0,0,3,0,9,001,"27 July, 2020"
1995,0,5,0,7,0,0,6,0,18,001,"27 July, 2020"
1996,0,2,0,1,0,0,3,0,6,001,"27 July, 2020"
1997,0,2,0,6,0,0,5,0,13,001,"27 July, 2020"
1998,0,5,1,33,0,0,36,0,75,001,"27 July, 2020"
1999,0,3,0,12,0,0,35,0,50,001,"27 July, 2020"
2000,0,6,0,10,0,0,27,0,43,001,"27 July, 2020"
2001,1,10,0,4,0,0,15,0,30,001,"27 July, 2020"
2002,0,11,0,3,0,0,2,0,16,001,"27 July, 2020"
2003,0,6,0,43,0,0,3,0,52,001,"27 July, 2020"
2004,0,13,0,49,0,0,4,0,66,001,"27 July, 2020"
2005,0,6,0,17,0,0,4,0,27,001,"27 July, 2020"
2006,0,1,0,20,0,0,9,0,30,001,"27 July, 2020"
2007,0,2,0,10,0,0,3,0,15,001,"27 July, 2020"
2008,0,0,0,7,0,0,4,0,11,001,"27 July, 2020"
2009,0,0,0,2,0,0,2,0,4,001,"27 July, 2020"
2010,0,1,0,1,0,0,12,0,14,001,"27 July, 2020"
2011,0,0,0,3,0,0,10,0,13,001,"27 July, 2020"
2012,0,0,0,5,1,0,0,0,6,001,"27 July, 2020"
2013,0,0,1,14,0,0,1,0,16,001,"27 July, 2020"
2014,0,5,0,13,0,0,2,0,20,001,"27 July, 2020"
2015,0,1,0,5,1,0,2,2,11,001,"27 July, 2020"
2016,1,35,1,47,2,1,14,15,116,001,"27 July, 2020"
2017,1,5,0,9,0,0,1,1,17,001,"27 July, 2020"
2018,0,2,0,3,0,0,3,0,8,001,"27 July, 2020"
2019,0,2,0,4,0,0,4,0,10,001,"27 July, 2020"
2020,0,5,0,11,0,0,0,0,16,001,"27 July, 2020"
1991,6,383,745,547,162,13,398,649,2903,011,"27 July, 2020"
1992,8,491,605,510,164,9,820,849,3456,011,"27 July, 2020"
1993,17,382,677,589,147,5,672,797,3286,011,"27 July, 2020"
1994,9,357,746,686,158,8,493,841,3298,011,"27 July, 2020"
1995,10,428,543,759,252,3,348,1027,3370,011,"27 July, 2020"
1996,19,522,852,992,290,2,408,1113,4198,011,"27 July, 2020"
1997,21,636,1093,931,613,6,330,1300,4930,011,"27 July, 2020"
1998,28,1053,1223,1119,438,12,487,1222,5582,011,"27 July, 2020"
1999,20,1286,1140,1191,228,21,698,997,5581,011,"27 July, 2020"
2000,14,1060,1195,1154,258,17,820,1339,5857,011,"27 July, 2020"
2001,20,1359,1442,1097,215,21,778,1327,6259,011,"27 July, 2020"
2002,15,1517,1519,934,207,14,928,1364,6498,011,"27 July, 2020"
2003,30,1322,1440,1044,297,21,1172,1452,6778,011,"27 July, 2020"
2004,35,1428,1579,1191,376,28,1111,1415,7163,011,"27 July, 2020"
2005,34,1572,1812,1429,407,35,1210,1572,8071,011,"27 July, 2020"
2006,34,1734,1776,1568,502,18,1306,1669,8607,011,"27 July, 2020"
2007,45,1382,1600,1368,457,38,989,1755,7634,011,"27 July, 2020"
2008,21,1331,1551,1638,486,25,927,1692,7671,011,"27 July, 2020"
2009,55,1652,1551,1785,368,21,1491,1346,8269,011,"27 July, 2020"
2010,56,2299,1933,2383,470,20,1755,1404,10320,011,"27 July, 2020"
2011,128,2880,1952,2946,440,19,1885,1837,12087,011,"27 July, 2020"
2012,92,4110,1822,2690,543,35,2561,2110,13963,011,"27 July, 2020"
2013,114,4184,1955,2727,807,69,3234,1972,15062,011,"27 July, 2020"
2014,120,4845,1742,2724,736,65,3266,2194,15692,011,"27 July, 2020"
2015,141,5414,1829,3032,794,57,4901,2308,18476,011,"27 July, 2020"
2016,201,6993,1769,4033,1110,83,6318,3361,23868,011,"27 July, 2020"
2017,250,9202,1755,5077,1272,117,7353,3344,28370,011,"27 July, 2020"
2018,329,10541,2130,4901,1288,150,8129,3417,30885,011,"27 July, 2020"
2019,334,11727,1330,5980,2097,157,8728,3925,34278,011,"27 July, 2020"
2020,178,5695,631,3780,914,109,3899,2152,17358,011,"27 July, 2020"
1999,0,10,1,1,3,0,8,0,23,055,"27 July, 2020"
2000,0,9,0,3,1,0,3,1,17,055,"27 July, 2020"
2001,0,2,0,0,1,0,0,0,3,055,"27 July, 2020"
2002,0,7,1,1,0,0,4,0,13,055,"27 July, 2020"
2003,0,5,1,1,3,0,4,1,15,055,"27 July, 2020"
2004,0,9,1,1,3,0,1,1,16,055,"27 July, 2020"
2005,0,11,0,2,1,2,3,1,20,055,"27 July, 2020"
2006,0,11,0,1,1,0,1,0,14,055,"27 July, 2020"
2007,1,13,0,1,1,0,3,0,19,055,"27 July, 2020"
2008,0,17,1,7,3,0,4,0,32,055,"27 July, 2020"
2009,0,4,0,3,4,0,2,0,13,055,"27 July, 2020"
2010,0,3,0,3,0,0,3,0,9,055,"27 July, 2020"
2011,0,4,1,1,3,0,4,0,13,055,"27 July, 2020"
2012,0,10,0,4,0,1,5,0,20,055,"27 July, 2020"
2013,0,9,1,2,1,0,2,0,15,055,"27 July, 2020"
2014,0,6,1,3,4,1,5,1,21,055,"27 July, 2020"
2015,0,11,0,2,0,0,4,1,18,055,"27 July, 2020"
2016,0,4,0,4,1,2,2,3,16,055,"27 July, 2020"
2017,0,2,0,3,2,0,4,3,14,055,"27 July, 2020"
2018,0,4,1,4,0,0,3,1,13,055,"27 July, 2020"
2019,0,5,0,3,0,1,10,1,20,055,"27 July, 2020"
2020,0,1,0,2,0,0,2,2,7,055,"27 July, 2020"
1991,10,213,0,117,36,10,204,NN,590,012,"27 July, 2020"
1992,10,217,4,79,62,7,111,NN,490,012,"27 July, 2020"
1993,9,124,20,70,49,10,57,NN,339,012,"27 July, 2020"
1994,1,61,1,32,18,6,22,12,153,012,"27 July, 2020"
1995,1,29,5,10,7,5,9,5,71,012,"27 July, 2020"
1996,2,13,5,11,6,1,8,1,47,012,"27 July, 2020"
1997,0,17,3,14,2,2,1,6,45,012,"27 July, 2020"
1998,0,11,0,12,1,2,4,5,35,012,"27 July, 2020"
1999,1,13,3,12,4,0,4,4,41,012,"27 July, 2020"
2000,0,8,2,12,1,0,3,1,27,012,"27 July, 2020"
2001,0,7,3,5,2,0,2,1,20,012,"27 July, 2020"
2002,0,10,4,6,2,0,2,5,29,012,"27 July, 2020"
2003,0,6,2,7,2,2,1,1,21,012,"27 July, 2020"
2004,0,5,3,6,2,1,1,0,18,012,"27 July, 2020"
2005,0,7,1,4,0,0,3,2,17,012,"27 July, 2020"
2006,0,11,2,6,0,0,2,0,21,012,"27 July, 2020"
2007,0,7,2,3,1,0,2,2,17,012,"27 July, 2020"
2008,0,9,2,6,1,1,6,0,25,012,"27 July, 2020"
2009,0,6,0,6,1,0,2,4,19,012,"27 July, 2020"
2010,0,6,2,6,2,0,5,2,23,012,"27 July, 2020"
2011,0,4,2,5,0,0,1,1,13,012,"27 July, 2020"
2012,0,2,1,5,2,1,4,1,16,012,"27 July, 2020"
2013,0,9,0,7,0,0,4,0,20,012,"27 July, 2020"
2014,0,6,1,9,1,0,3,1,21,012,"27 July, 2020"
2015,0,5,2,5,0,0,2,2,16,012,"27 July, 2020"
2016,0,5,1,5,1,0,4,1,17,012,"27 July, 2020"
2017,0,9,2,3,0,0,2,0,16,012,"27 July, 2020"
2018,0,6,1,7,3,0,0,1,18,012,"27 July, 2020"
2019,0,11,3,4,1,0,1,2,22,012,"27 July, 2020"
2020,0,5,2,2,0,0,0,1,10,012,"27 July, 2020"
1991,1,64,0,0,4,0,14,NN,83,037,"27 July, 2020"
1992,1,16,0,0,4,0,8,NN,29,037,"27 July, 2020"
1993,0,5,0,0,5,0,6,NN,16,037,"27 July, 2020"
1994,0,1,0,0,4,0,2,NN,7,037,"27 July, 2020"
1995,0,1,0,0,3,0,7,NN,11,037,"27 July, 2020"
1996,0,3,0,0,1,0,11,NN,15,037,"27 July, 2020"
1997,0,1,0,0,1,0,3,NN,5,037,"27 July, 2020"
1998,0,2,0,0,0,0,2,NN,4,037,"27 July, 2020"
1999,0,0,0,0,0,0,0,NN,0,037,"27 July, 2020"
2000,0,1,0,0,0,0,0,NN,1,037,"27 July, 2020"
2001,0,0,0,0,3,0,0,0,3,037,"27 July, 2020"
2002,0,0,0,0,0,0,0,0,0,037,"27 July, 2020"
2003,0,0,0,0,0,0,0,0,0,037,"27 July, 2020"
2004,0,0,0,0,0,0,0,0,0,037,"27 July, 2020"
2005,0,0,0,0,0,0,0,0,0,037,"27 July, 2020"
2006,0,1,0,0,0,0,0,0,1,037,"27 July, 2020"
2007,0,0,0,0,0,0,0,0,0,037,"27 July, 2020"
2008,0,0,0,0,0,0,0,0,0,037,"27 July, 2020"
2009,0,0,0,0,0,0,0,0,0,037,"27 July, 2020"
2010,0,0,0,0,0,0,0,0,0,037,"27 July, 2020"
2011,0,0,0,0,0,0,0,0,0,037,"27 July, 2020"
2012,0,0,0,0,0,0,0,0,0,037,"27 July, 2020"
2013,0,0,0,0,0,0,0,0,0,037,"27 July, 2020"
2014,0,0,0,0,0,0,0,0,0,037,"27 July, 2020"
2015,0,0,0,0,0,0,0,0,0,037,"27 July, 2020"
2016,0,0,0,0,0,0,0,0,0,037,"27 July, 2020"
2017,0,0,0,0,0,0,0,0,0,037,"27 July, 2020"
2018,0,0,0,0,0,0,0,0,0,037,"27 July, 2020"
2019,0,0,0,0,0,0,0,0,0,037,"27 July, 2020"
2020,0,0,0,0,0,0,0,0,0,037,"27 July, 2020"
1991,15,1111,71,240,117,15,501,233,2303,038,"27 July, 2020"
1992,19,900,164,479,104,13,340,70,2089,038,"27 July, 2020"
1993,17,579,108,903,114,3,181,47,1952,038,"27 July, 2020"
1994,14,582,72,780,53,10,153,233,1897,038,"27 July, 2020"
1995,16,611,51,437,36,9,260,167,1587,038,"27 July, 2020"
1996,61,956,73,394,39,9,431,111,2074,038,"27 July, 2020"
1997,52,1422,95,901,92,3,352,117,3034,038,"27 July, 2020"
1998,53,924,45,1036,97,8,152,146,2461,038,"27 July, 2020"
1999,8,409,89,359,121,5,262,293,1546,038,"27 July, 2020"
2000,5,197,45,133,54,3,193,179,809,038,"27 July, 2020"
2001,14,197,38,120,20,4,103,40,536,038,"27 July, 2020"
2002,4,149,47,67,16,4,67,36,390,038,"27 July, 2020"
2003,5,123,43,48,13,14,92,95,433,038,"27 July, 2020"
2004,1,137,14,27,11,1,71,57,319,038,"27 July, 2020"
2005,3,83,65,51,10,2,61,54,329,038,"27 July, 2020"
2006,1,95,30,31,8,4,44,66,279,038,"27 July, 2020"
2007,2,65,5,28,6,3,36,21,166,038,"27 July, 2020"
2008,5,69,3,71,19,1,85,22,275,038,"27 July, 2020"
2009,6,98,1,57,59,5,303,35,564,038,"27 July, 2020"
2010,5,83,3,40,4,4,96,32,267,038,"27 July, 2020"
2011,3,57,3,26,6,4,34,12,145,038,"27 July, 2020"
2012,1,42,3,34,7,2,63,14,166,038,"27 July, 2020"
2013,4,62,0,46,11,0,53,14,190,038,"27 July, 2020"
2014,5,83,2,44,7,1,70,19,231,038,"27 July, 2020"
2015,3,69,5,33,10,1,33,25,179,038,"27 July, 2020"
2016,2,43,0,30,7,0,46,17,145,038,"27 July, 2020"
2017,2,70,0,26,23,0,84,12,217,038,"27 July, 2020"
2018,2,87,2,43,21,3,264,12,434,038,"27 July, 2020"
2019,4,60,4,25,14,3,112,24,246,038,"27 July, 2020"
2020,0,15,0,15,3,0,38,8,79,038,"27 July, 2020"
1993,NN,95,39,10,0,0,94,NN,238,039,"27 July, 2020"
1994,NN,72,26,53,0,0,114,NN,265,039,"27 July, 2020"
1995,10,60,13,70,0,7,101,NN,261,039,"27 July, 2020"
1996,4,43,5,36,20,7,105,14,234,039,"27 July, 2020"
1997,1,53,20,41,19,1,122,25,282,039,"27 July, 2020"
1998,1,58,17,47,18,5,81,32,259,039,"27 July, 2020"
1999,3,72,19,51,19,4,93,41,302,039,"27 July, 2020"
2000,3,98,6,51,30,18,126,73,405,039,"27 July, 2020"
2001,2,89,3,51,22,21,188,35,411,039,"27 July, 2020"
2002,1,88,12,61,11,19,188,34,414,039,"27 July, 2020"
2003,0,74,15,44,10,10,149,45,347,039,"27 July, 2020"
2004,5,52,8,55,8,16,112,28,284,039,"27 July, 2020"
2005,3,54,5,62,9,3,81,34,251,039,"27 July, 2020"
2006,7,50,11,56,7,9,105,51,296,039,"27 July, 2020"
2007,13,55,10,64,12,11,84,42,291,039,"27 July, 2020"
2008,1,45,8,51,11,15,88,48,267,039,"27 July, 2020"
2009,5,36,4,49,10,14,91,38,247,039,"27 July, 2020"
2010,3,36,4,60,21,6,69,32,231,039,"27 July, 2020"
2011,2,30,4,45,10,14,69,18,192,039,"27 July, 2020"
2012,2,29,5,51,18,10,54,25,194,039,"27 July, 2020"
2013,4,32,6,46,8,3,37,39,175,039,"27 July, 2020"
2014,2,27,3,58,7,5,53,24,179,039,"27 July, 2020"
2015,0,28,2,50,7,1,31,29,148,039,"27 July, 2020"
2016,3,15,2,59,6,2,59,25,171,039,"27 July, 2020"
2017,1,11,7,48,12,5,41,21,146,039,"27 July, 2020"
2018,1,22,5,30,4,3,45,27,137,039,"27 July, 2020"
2019,0,17,3,58,5,6,46,23,158,039,"27 July, 2020"
2020,0,7,1,30,2,2,11,10,63,039,"27 July, 2020"
1991,27,865,NN,1474,0,50,1543,495,4454,052,"27 July, 2020"
1992,68,2827,NN,1216,0,47,1891,295,6344,052,"27 July, 2020"
1993,101,3344,NN,1222,1,28,2100,305,7101,052,"27 July, 2020"
1994,120,3607,NN,978,0,36,1764,410,6915,052,"27 July, 2020"
1995,89,3833,NN,857,2,53,1794,423,7051,052,"27 July, 2020"
1996,96,3706,NN,905,344,34,1933,302,7320,052,"27 July, 2020"
1997,111,2973,NN,826,340,22,1730,283,6285,052,"27 July, 2020"
1998,82,2839,NN,838,273,28,1850,238,6148,052,"27 July, 2020"
1999,65,3157,NN,786,277,26,1697,405,6413,052,"27 July, 2020"
2000,48,3533,NN,845,300,35,1683,745,7189,052,"27 July, 2020"
2001,54,4037,NN,736,348,19,1745,591,7530,052,"27 July, 2020"
2002,82,3226,NN,706,266,30,1729,358,6397,052,"27 July, 2020"
2003,57,2539,NN,720,231,53,1568,385,5553,052,"27 July, 2020"
2004,50,2703,NN,725,283,41,1457,380,5639,052,"27 July, 2020"
2005,88,2543,200,859,331,49,1620,368,6058,052,"27 July, 2020"
2006,70,2352,234,875,311,43,1548,524,5957,052,"27 July, 2020"
2007,56,2489,235,933,502,32,1831,556,6634,052,"27 July, 2020"
2008,58,2194,185,779,429,52,1815,676,6188,052,"27 July, 2020"
2009,103,2715,157,921,451,70,1846,657,6920,052,"27 July, 2020"
2010,92,2516,157,970,416,49,1803,739,6742,052,"27 July, 2020"
2011,92,2439,148,773,416,37,1822,624,6351,052,"27 July, 2020"
2012,105,2268,191,737,384,61,1800,800,6346,052,"27 July, 2020"
2013,108,2447,325,820,323,55,1815,933,6826,052,"27 July, 2020"
2014,95,2463,150,889,364,55,1723,612,6351,052,"27 July, 2020"
2015,83,2310,159,988,335,40,1769,545,6229,052,"27 July, 2020"
2016,88,2328,107,996,312,38,1767,638,6274,052,"27 July, 2020"
2017,85,2279,94,863,289,38,1741,517,5906,052,"27 July, 2020"
2018,84,2387,80,834,276,40,1722,470,5893,052,"27 July, 2020"
2019,87,2189,76,890,298,60,1664,430,5694,052,"27 July, 2020"
2020,43,1148,31,451,126,34,767,293,2893,052,"27 July, 2020"
1993,0,0,0,NN,0,0,0,NN,0,040,"27 July, 2020"
1994,0,0,0,NN,0,0,0,NN,0,040,"27 July, 2020"
1995,11,30,NN,NN,35,3,10,NN,89,040,"27 July, 2020"
1996,10,19,NN,NN,36,4,3,NN,72,040,"27 July, 2020"
1997,8,18,NN,NN,52,1,25,NN,104,040,"27 July, 2020"
1998,12,108,NN,NN,70,18,47,NN,255,040,"27 July, 2020"
1999,24,102,NN,NN,88,17,106,NN,337,040,"27 July, 2020"
2000,19,212,NN,NN,93,30,66,NN,420,040,"27 July, 2020"
2001,19,271,NN,NN,91,18,104,NN,503,040,"27 July, 2020"
2002,8,143,NN,NN,45,15,92,NN,303,040,"27 July, 2020"
2003,13,118,NN,NN,77,13,115,NN,336,040,"27 July, 2020"
2004,7,55,NN,NN,64,26,163,NN,315,040,"27 July, 2020"
2005,15,44,NN,NN,52,28,141,105,385,040,"27 July, 2020"
2006,17,54,NN,NN,55,10,197,99,432,040,"27 July, 2020"
2007,10,61,4,NN,48,19,147,79,368,040,"27 July, 2020"
2008,6,26,6,NN,43,21,162,100,364,040,"27 July, 2020"
2009,8,42,5,NN,34,22,196,93,400,040,"27 July, 2020"
2010,12,33,0,NN,27,23,211,76,382,040,"27 July, 2020"
2011,10,50,3,211,33,27,167,120,621,040,"27 July, 2020"
2012,15,49,0,234,78,23,178,128,705,040,"27 July, 2020"
2013,16,40,1,276,62,18,132,123,668,040,"27 July, 2020"
2014,11,33,2,264,45,14,179,161,709,040,"27 July, 2020"
2015,14,30,4,370,44,26,149,183,820,040,"27 July, 2020"
2016,16,21,3,372,44,22,140,120,738,040,"27 July, 2020"
2017,11,38,5,313,32,23,70,128,620,040,"27 July, 2020"
2018,7,32,0,332,43,16,59,126,615,040,"27 July, 2020"
2019,11,29,3,544,29,10,41,120,787,040,"27 July, 2020"
2020,7,8,0,284,9,2,7,61,378,040,"27 July, 2020"
1995,325,6554,301,2776,2342,249,4273,1096,17916,053,"27 July, 2020"
1996,266,6710,214,2761,1978,251,4330,1043,17553,053,"27 July, 2020"
1997,310,6485,295,2819,1362,200,5291,1032,17794,053,"27 July, 2020"
1998,286,6726,233,2874,1269,256,3561,1167,16372,053,"27 July, 2020"
1999,277,7364,192,3006,1290,279,4936,1016,18360,053,"27 July, 2020"
2000,212,6887,189,3309,1151,300,4536,1516,18100,053,"27 July, 2020"
2001,211,6284,214,3066,1026,309,4158,1171,16439,053,"27 July, 2020"
2002,225,5588,200,2779,842,322,3388,979,14323,053,"27 July, 2020"
2003,240,4369,219,2573,808,324,3107,1047,12687,053,"27 July, 2020"
2004,208,4132,258,2599,763,277,2764,1012,12013,053,"27 July, 2020"
2005,158,3792,255,2643,729,209,2696,934,11416,053,"27 July, 2020"
2006,175,3835,259,2780,717,260,2465,987,11478,053,"27 July, 2020"
2007,189,3627,224,2662,698,250,2485,1124,11259,053,"27 July, 2020"
2008,194,3222,203,2564,630,324,2187,1242,10566,053,"27 July, 2020"
2009,155,3453,163,2600,563,259,2190,1029,10412,053,"27 July, 2020"
2010,211,3498,169,2607,576,243,2182,976,10462,053,"27 July, 2020"
2011,178,3126,203,2153,570,202,1964,957,9353,053,"27 July, 2020"
2012,130,3071,191,2099,498,239,1960,997,9185,053,"27 July, 2020"
2013,167,3319,255,2160,546,211,2019,1146,9823,053,"27 July, 2020"
2014,163,3290,178,2274,519,216,1988,974,9602,053,"27 July, 2020"
2015,175,3295,196,2148,487,237,2067,949,9554,053,"27 July, 2020"
2016,168,5002,191,2388,499,235,2296,1106,11885,053,"27 July, 2020"
2017,127,3986,146,2046,464,208,1881,1073,9931,053,"27 July, 2020"
2018,133,3715,147,1824,388,174,1860,883,9124,053,"27 July, 2020"
2019,115,3315,130,1834,310,161,1676,868,8409,053,"27 July, 2020"
2020,71,1671,63,966,115,80,786,448,4200,053,"27 July, 2020"
1999,0,13,0,5,4,0,0,NN,22,050,"27 July, 2020"
2000,0,12,0,5,0,0,9,NN,26,050,"27 July, 2020"
2001,0,11,0,2,3,0,7,NN,23,050,"27 July, 2020"
2002,0,7,0,3,3,0,8,1,22,050,"27 July, 2020"
2003,0,12,0,1,1,0,12,0,26,050,"27 July, 2020"
2004,0,13,0,12,1,0,3,0,29,050,"27 July, 2020"
2005,0,13,0,11,8,0,4,2,38,050,"27 July, 2020"
2006,0,14,0,7,11,0,7,1,40,050,"27 July, 2020"
2007,0,11,0,9,24,0,9,4,57,050,"27 July, 2020"
2008,0,13,1,7,28,0,14,6,69,050,"27 July, 2020"
2009,0,8,0,13,31,0,13,0,65,050,"27 July, 2020"
2010,0,8,0,20,18,0,6,0,52,050,"27 July, 2020"
2011,0,12,0,7,16,0,16,2,53,050,"27 July, 2020"
2012,0,6,0,7,22,0,10,2,47,050,"27 July, 2020"
2013,0,9,1,13,24,0,22,4,73,050,"27 July, 2020"
2014,0,18,1,13,18,0,13,3,66,050,"27 July, 2020"
2015,0,9,0,15,18,0,7,0,49,050,"27 July, 2020"
2016,0,19,2,12,18,0,19,1,71,050,"27 July, 2020"
2017,0,23,0,10,10,0,19,3,65,050,"27 July, 2020"
2018,3,24,0,15,6,0,23,8,79,050,"27 July, 2020"
2019,1,31,1,12,6,0,8,10,69,050,"27 July, 2020"
2020,1,14,0,5,3,0,5,0,28,050,"27 July, 2020"
1999,1,7,0,0,0,0,2,NN,10,051,"27 July, 2020"
2000,0,9,0,0,0,1,2,NN,12,051,"27 July, 2020"
2001,0,6,0,1,0,0,6,1,14,051,"27 July, 2020"
2002,1,6,0,1,0,2,1,0,11,051,"27 July, 2020"
2003,1,6,0,0,0,0,5,0,12,051,"27 July, 2020"
2004,0,8,0,4,0,1,12,3,28,051,"27 July, 2020"
2005,2,7,0,8,0,0,11,2,30,051,"27 July, 2020"
2006,2,10,0,2,1,0,8,1,24,051,"27 July, 2020"
2007,1,8,0,3,0,0,6,0,18,051,"27 July, 2020"
2008,0,14,3,7,0,0,14,6,44,051,"27 July, 2020"
2009,0,17,0,3,0,0,8,5,33,051,"27 July, 2020"
2010,2,14,0,7,0,0,11,3,37,051,"27 July, 2020"
2011,2,21,0,6,0,0,8,4,41,051,"27 July, 2020"
2012,1,10,0,6,0,0,14,1,32,051,"27 July, 2020"
2013,1,19,0,2,0,0,8,4,34,051,"27 July, 2020"
2014,1,38,0,7,0,0,12,0,58,051,"27 July, 2020"
2015,0,21,0,1,1,1,15,2,41,051,"27 July, 2020"
2016,2,14,1,8,3,0,13,2,43,051,"27 July, 2020"
2017,0,19,0,11,1,1,12,4,48,051,"27 July, 2020"
2018,0,17,0,8,0,0,12,2,39,051,"27 July, 2020"
2019,0,25,3,4,2,1,14,4,53,051,"27 July, 2020"
2020,0,9,0,6,2,2,3,3,25,051,"27 July, 2020"
2001,14,248,95,394,137,0,177,230,1295,062,"27 July, 2020"
2002,19,1012,53,1142,291,7,594,544,3662,062,"27 July, 2020"
2003,8,862,151,888,311,7,645,615,3487,062,"27 July, 2020"
2004,1,937,39,615,75,3,205,186,2061,062,"27 July, 2020"
2005,42,1415,61,1691,277,19,594,463,4562,062,"27 July, 2020"
2006,80,677,41,1750,90,47,422,213,3320,062,"27 July, 2020"
2007,391,2056,183,4576,284,415,1597,1036,10538,062,"27 July, 2020"
2008,244,1854,200,3695,474,385,1300,1020,9172,062,"27 July, 2020"
2009,1264,12841,1979,18314,10764,1313,7038,5523,59036,062,"27 July, 2020"
2010,95,1597,480,3210,4260,107,2085,1625,13459,062,"27 July, 2020"
2011,270,5786,597,10383,4742,363,3211,1863,27215,062,"27 July, 2020"
2012,667,7986,443,16834,6288,1093,5996,5235,44542,062,"27 July, 2020"
2013,552,8394,480,5507,4827,297,5848,2399,28304,062,"27 July, 2020"
2014,1262,20889,810,17895,11041,675,9861,5253,67686,062,"27 July, 2020"
2015,1206,30270,676,28061,15651,1438,17288,5993,100583,062,"27 July, 2020"
2016,1604,35585,701,23294,7869,1055,12939,7837,90884,062,"27 July, 2020"
2017,3098,103857,1474,56614,28490,3509,48219,6020,251281,062,"27 July, 2020"
2018,476,17512,1195,15698,5897,452,11774,5866,58870,062,"27 July, 2020"
2019,4072,116446,1736,68074,27081,3137,69570,23246,313362,062,"27 July, 2020"
2020,189,7120,277,5901,1525,160,4573,1176,20921,062,"27 July, 2020"
2001,0,0,0,0,0,0,0,0,0,059,"27 July, 2020"
2002,0,0,0,0,0,0,0,0,0,059,"27 July, 2020"
2003,0,0,0,1,0,0,0,0,1,059,"27 July, 2020"
2004,0,0,0,1,0,0,0,0,1,059,"27 July, 2020"
2005,0,0,0,0,0,0,0,0,0,059,"27 July, 2020"
2006,0,0,0,0,0,0,0,0,0,059,"27 July, 2020"
2007,0,0,0,0,0,0,0,0,0,059,"27 July, 2020"
2008,0,1,0,0,0,0,0,0,1,059,"27 July, 2020"
2009,0,0,0,0,0,0,0,0,0,059,"27 July, 2020"
2010,0,0,0,0,0,0,0,0,0,059,"27 July, 2020"
2011,0,0,0,0,0,0,0,0,0,059,"27 July, 2020"
2012,0,0,0,1,0,0,0,0,1,059,"27 July, 2020"
2013,0,0,0,2,1,0,0,1,4,059,"27 July, 2020"
2014,0,0,0,0,1,0,0,0,1,059,"27 July, 2020"
2015,0,1,0,1,0,0,1,0,3,059,"27 July, 2020"
2016,0,0,0,0,0,0,0,0,0,059,"27 July, 2020"
2017,0,0,0,0,0,0,1,0,1,059,"27 July, 2020"
2018,0,0,0,0,0,0,0,0,0,059,"27 July, 2020"
2019,0,0,0,3,0,0,0,0,3,059,"27 July, 2020"
2020,0,0,0,0,1,0,0,0,1,059,"27 July, 2020"
1991,1,37,0,25,21,0,19,20,123,015,"27 July, 2020"
1992,0,104,1,27,23,1,3,30,189,015,"27 July, 2020"
1993,1,66,2,28,18,1,4,20,140,015,"27 July, 2020"
1994,0,60,5,17,26,1,41,25,175,015,"27 July, 2020"
1995,1,75,2,21,12,2,21,24,158,015,"27 July, 2020"
1996,2,74,2,24,29,2,36,39,208,015,"27 July, 2020"
1997,2,33,2,11,35,2,27,44,156,015,"27 July, 2020"
1998,2,45,3,36,76,4,64,30,260,015,"27 July, 2020"
1999,2,41,4,34,63,2,62,42,250,015,"27 July, 2020"
2000,5,41,1,48,88,4,248,36,471,015,"27 July, 2020"
2001,2,68,3,36,33,3,121,42,308,015,"27 July, 2020"
2002,3,44,1,43,68,0,103,54,316,015,"27 July, 2020"
2003,1,60,3,38,69,2,95,65,333,015,"27 July, 2020"
2004,1,80,2,32,47,1,99,50,312,015,"27 July, 2020"
2005,0,88,3,45,58,3,58,70,325,015,"27 July, 2020"
2006,1,78,3,35,65,3,70,92,347,015,"27 July, 2020"
2007,4,104,3,48,18,3,41,82,303,015,"27 July, 2020"
2008,4,90,1,30,21,1,54,71,272,015,"27 July, 2020"
2009,2,91,3,55,44,1,50,51,297,015,"27 July, 2020"
2010,6,97,3,42,31,6,68,54,307,015,"27 July, 2020"
2011,1,109,5,46,40,7,73,75,356,015,"27 July, 2020"
2012,0,103,3,71,37,12,71,85,382,015,"27 July, 2020"
2013,1,108,6,164,63,6,66,93,507,015,"27 July, 2020"
2014,2,70,7,93,41,8,88,116,425,015,"27 July, 2020"
2015,1,98,7,80,26,7,71,74,364,015,"27 July, 2020"
2016,2,136,0,49,29,9,74,69,368,015,"27 July, 2020"
2017,0,138,1,65,38,8,100,37,387,015,"27 July, 2020"
2018,7,179,0,54,34,9,121,45,449,015,"27 July, 2020"
2019,1,147,4,61,46,18,120,37,434,015,"27 July, 2020"
2020,1,79,2,42,31,6,76,44,281,015,"27 July, 2020"
1991,0,0,2,0,1,0,7,5,15,016,"27 July, 2020"
1992,1,5,3,0,0,0,2,5,16,016,"27 July, 2020"
1993,0,6,2,1,0,0,4,2,15,016,"27 July, 2020"
1994,0,4,1,2,0,0,3,2,12,016,"27 July, 2020"
1995,0,3,4,1,0,0,0,2,10,016,"27 July, 2020"
1996,0,2,3,0,0,0,0,3,8,016,"27 July, 2020"
1997,0,1,2,5,1,0,3,3,15,016,"27 July, 2020"
1998,0,0,1,0,1,0,0,1,3,016,"27 July, 2020"
1999,0,2,0,2,0,0,1,2,7,016,"27 July, 2020"
2000,0,2,0,1,1,0,0,0,4,016,"27 July, 2020"
2001,0,3,0,0,0,0,0,0,3,016,"27 July, 2020"
2002,0,0,2,2,0,0,2,3,9,016,"27 July, 2020"
2003,0,1,0,4,0,0,1,2,8,016,"27 July, 2020"
2004,0,4,1,1,0,0,0,0,6,016,"27 July, 2020"
2005,0,3,3,3,0,0,0,2,11,016,"27 July, 2020"
2006,0,2,1,1,1,0,0,2,7,016,"27 July, 2020"
2007,0,4,0,1,2,1,2,3,13,016,"27 July, 2020"
2008,0,4,1,3,0,0,2,1,11,016,"27 July, 2020"
2009,0,0,0,3,0,0,1,2,6,016,"27 July, 2020"
2010,0,1,0,2,1,0,4,2,10,016,"27 July, 2020"
2011,0,2,2,0,1,0,2,2,9,016,"27 July, 2020"
2012,0,3,0,1,0,0,4,0,8,016,"27 July, 2020"
2013,1,2,3,1,1,0,3,3,14,016,"27 July, 2020"
2014,0,1,0,2,1,0,1,5,10,016,"27 July, 2020"
2015,0,3,1,2,0,0,5,2,13,016,"27 July, 2020"
2016,0,6,1,4,0,1,2,7,21,016,"27 July, 2020"
2017,0,2,0,4,1,0,0,3,10,016,"27 July, 2020"
2018,0,0,0,3,0,0,2,1,6,016,"27 July, 2020"
2019,0,5,0,0,0,0,3,2,10,016,"27 July, 2020"
2020,0,1,0,0,0,0,0,0,1,016,"27 July, 2020"
1991,0,28,0,41,5,3,92,3,172,017,"27 July, 2020"
1992,0,21,1,34,9,4,76,5,150,017,"27 July, 2020"
1993,0,16,1,52,5,10,60,9,153,017,"27 July, 2020"
1994,1,14,2,56,6,2,31,1,113,017,"27 July, 2020"
1995,0,6,0,59,6,6,54,5,136,017,"27 July, 2020"
1996,0,33,0,108,1,6,55,2,205,017,"27 July, 2020"
1997,0,33,1,44,2,2,21,6,109,017,"27 July, 2020"
1998,0,50,3,110,1,1,18,10,193,017,"27 July, 2020"
1999,0,57,1,220,3,1,28,9,319,017,"27 July, 2020"
2000,1,53,9,133,8,0,36,4,244,017,"27 July, 2020"
2001,0,66,4,127,3,5,37,2,244,017,"27 July, 2020"
2002,0,39,3,94,2,2,18,2,160,017,"27 July, 2020"
2003,0,39,4,69,2,0,8,6,128,017,"27 July, 2020"
2004,0,40,2,121,1,0,8,5,177,017,"27 July, 2020"
2005,0,35,5,71,3,0,10,5,129,017,"27 July, 2020"
2006,0,17,2,115,1,1,6,3,145,017,"27 July, 2020"
2007,0,9,1,76,1,0,16,5,108,017,"27 July, 2020"
2008,0,17,1,88,0,0,4,1,111,017,"27 July, 2020"
2009,2,18,4,105,0,0,11,1,141,017,"27 July, 2020"
2010,1,22,2,86,2,1,14,5,133,017,"27 July, 2020"
2011,1,40,2,155,2,1,10,3,214,017,"27 July, 2020"
2012,0,22,1,64,2,0,13,3,105,017,"27 July, 2020"
2013,0,12,4,58,2,0,9,0,85,017,"27 July, 2020"
2014,0,14,2,56,1,1,7,3,84,017,"27 July, 2020"
2015,1,17,4,40,0,2,7,1,72,017,"27 July, 2020"
2016,0,14,1,90,2,1,16,6,130,017,"27 July, 2020"
2017,0,20,14,94,1,0,14,3,146,017,"27 July, 2020"
2018,0,57,7,56,0,0,17,5,142,017,"27 July, 2020"
2019,0,10,4,51,3,0,13,4,85,017,"27 July, 2020"
2020,0,5,1,47,1,0,0,2,56,017,"27 July, 2020"
1991,0,11,NN,7,NN,3,27,5,53,018,"27 July, 2020"
1992,0,13,NN,6,3,0,15,8,45,018,"27 July, 2020"
1993,1,12,NN,7,2,0,23,4,49,018,"27 July, 2020"
1994,1,10,0,13,3,0,7,1,35,018,"27 July, 2020"
1995,5,14,1,9,3,1,16,3,52,018,"27 July, 2020"
1996,1,22,0,7,15,1,17,4,67,018,"27 July, 2020"
1997,0,23,0,9,6,1,16,19,74,018,"27 July, 2020"
1998,1,28,0,4,2,2,12,4,53,018,"27 July, 2020"
1999,0,22,0,11,3,2,13,12,63,018,"27 July, 2020"
2000,0,18,3,13,7,3,10,13,67,018,"27 July, 2020"
2001,1,12,0,21,6,2,11,11,64,018,"27 July, 2020"
2002,0,11,0,20,2,3,13,13,62,018,"27 July, 2020"
2003,1,28,0,9,1,2,22,6,69,018,"27 July, 2020"
2004,1,30,1,8,3,1,14,9,67,018,"27 July, 2020"
2005,3,25,0,7,6,0,9,4,54,018,"27 July, 2020"
2006,1,26,0,3,5,0,13,13,61,018,"27 July, 2020"
2007,0,22,0,7,7,2,10,2,50,018,"27 July, 2020"
2008,1,34,0,12,1,1,11,8,68,018,"27 July, 2020"
2009,2,27,0,14,4,3,27,15,92,018,"27 July, 2020"
2010,2,26,0,9,1,3,27,3,71,018,"27 July, 2020"
2011,1,21,1,10,6,2,22,7,70,018,"27 July, 2020"
2012,0,39,0,5,4,3,34,8,93,018,"27 July, 2020"
2013,1,29,3,9,2,2,22,8,76,018,"27 July, 2020"
2014,1,23,2,17,6,4,22,5,80,018,"27 July, 2020"
2015,1,28,2,8,4,0,21,6,70,018,"27 July, 2020"
2016,0,34,0,14,4,1,26,6,85,018,"27 July, 2020"
2017,3,20,0,18,5,1,18,6,71,018,"27 July, 2020"
2018,0,19,0,13,5,1,27,8,73,018,"27 July, 2020"
2019,2,17,0,11,2,0,13,7,52,018,"27 July, 2020"
2020,0,8,0,4,1,1,2,3,19,018,"27 July, 2020"
2001,0,0,0,0,0,0,0,0,0,064,"27 July, 2020"
2002,0,0,0,0,0,0,0,0,0,064,"27 July, 2020"
2003,0,0,0,0,0,0,0,0,0,064,"27 July, 2020"
2004,0,0,0,0,0,0,0,0,0,064,"27 July, 2020"
2005,0,0,0,0,0,0,0,0,0,064,"27 July, 2020"
2006,0,0,0,0,0,0,0,0,0,064,"27 July, 2020"
2007,0,0,0,0,0,0,0,0,0,064,"27 July, 2020"
2008,0,0,0,0,0,0,0,0,0,064,"27 July, 2020"
2009,0,0,0,0,0,0,0,0,0,064,"27 July, 2020"
2010,0,0,0,0,0,0,0,0,0,064,"27 July, 2020"
2011,0,0,0,0,0,0,0,0,0,064,"27 July, 2020"
2012,0,0,0,0,0,0,0,0,0,064,"27 July, 2020"
2013,0,0,0,0,0,0,0,0,0,064,"27 July, 2020"
2014,0,0,0,0,0,0,0,0,0,064,"27 July, 2020"
2015,0,0,0,0,0,0,0,0,0,064,"27 July, 2020"
2016,0,0,0,0,0,0,0,0,0,064,"27 July, 2020"
2017,0,0,0,0,0,0,0,0,0,064,"27 July, 2020"
2018,0,0,0,0,0,0,0,0,0,064,"27 July, 2020"
2019,0,0,0,0,0,0,0,0,0,064,"27 July, 2020"
2020,0,0,0,0,0,0,0,0,0,064,"27 July, 2020"
1991,9,170,46,383,42,11,112,38,811,020,"27 July, 2020"
1992,26,109,32,337,35,14,133,40,726,020,"27 July, 2020"
1993,18,173,29,288,25,11,92,41,677,020,"27 July, 2020"
1994,24,183,41,295,32,14,85,32,706,020,"27 July, 2020"
1995,22,96,37,272,22,1,122,36,608,020,"27 July, 2020"
1996,27,202,26,405,21,5,108,56,850,020,"27 July, 2020"
1997,17,173,36,369,22,5,88,34,744,020,"27 July, 2020"
1998,25,158,28,294,22,5,81,40,653,020,"27 July, 2020"
1999,22,175,68,302,32,9,74,33,715,020,"27 July, 2020"
2000,18,230,83,407,42,7,121,58,966,020,"27 July, 2020"
2001,17,157,64,295,35,8,88,50,714,020,"27 July, 2020"
2002,13,105,24,206,14,15,63,27,467,020,"27 July, 2020"
2003,18,120,40,240,28,27,54,55,582,020,"27 July, 2020"
2004,17,100,40,248,20,15,67,35,542,020,"27 July, 2020"
2005,12,203,48,290,44,24,106,85,812,020,"27 July, 2020"
2006,11,138,66,259,34,26,118,119,771,020,"27 July, 2020"
2007,13,97,30,192,24,14,113,82,565,020,"27 July, 2020"
2008,22,115,19,158,17,8,104,84,527,020,"27 July, 2020"
2009,6,92,14,161,32,5,112,82,504,020,"27 July, 2020"
2010,11,122,13,124,8,5,67,54,404,020,"27 July, 2020"
2011,8,79,23,138,4,9,95,63,419,020,"27 July, 2020"
2012,11,70,17,99,8,7,82,50,344,020,"27 July, 2020"
2013,13,88,22,113,8,11,92,76,423,020,"27 July, 2020"
2014,10,88,11,87,6,4,71,48,325,020,"27 July, 2020"
2015,7,47,11,57,4,2,57,49,234,020,"27 July, 2020"
2016,9,59,17,73,9,3,79,56,305,020,"27 July, 2020"
2017,12,67,14,115,11,2,84,59,364,020,"27 July, 2020"
2018,10,70,18,138,34,3,84,51,408,020,"27 July, 2020"
2019,9,68,16,112,39,4,71,60,379,020,"27 July, 2020"
2020,1,21,2,45,6,2,17,26,120,020,"27 July, 2020"
1991,50,494,90,153,155,25,455,57,1479,021,"27 July, 2020"
1992,58,804,37,115,163,7,219,34,1437,021,"27 July, 2020"
1993,181,2344,7,977,88,850,191,42,4680,021,"27 July, 2020"
1994,118,1483,437,2345,66,31,186,128,4794,021,"27 July, 2020"
1995,41,596,78,199,6,54,150,58,1182,021,"27 July, 2020"
1996,9,191,29,90,13,20,94,32,478,021,"27 July, 2020"
1997,44,272,8,267,28,41,89,82,831,021,"27 July, 2020"
1998,8,119,1,35,6,36,30,50,285,021,"27 July, 2020"
1999,5,35,23,33,5,11,109,20,241,021,"27 July, 2020"
2000,3,35,0,28,11,0,21,10,108,021,"27 July, 2020"
2001,0,23,0,11,2,1,81,13,131,021,"27 July, 2020"
2002,0,7,0,8,2,0,14,0,31,021,"27 July, 2020"
2003,0,17,1,11,24,0,39,0,92,021,"27 July, 2020"
2004,0,11,3,0,6,0,15,9,44,021,"27 July, 2020"
2005,0,5,0,1,0,1,2,1,10,021,"27 July, 2020"
2006,1,60,0,2,9,11,12,29,124,021,"27 July, 2020"
2007,0,4,0,4,1,0,2,1,12,021,"27 July, 2020"
2008,0,39,3,11,2,0,2,8,65,021,"27 July, 2020"
2009,1,19,1,32,3,2,36,10,104,021,"27 July, 2020"
2010,1,25,2,14,2,0,15,11,70,021,"27 July, 2020"
2011,21,90,5,18,4,0,39,17,194,021,"27 July, 2020"
2012,0,170,2,4,6,0,11,6,199,021,"27 July, 2020"
2013,1,34,0,52,16,0,41,14,158,021,"27 July, 2020"
2014,7,67,52,72,16,5,77,43,339,021,"27 July, 2020"
2015,2,9,0,21,4,0,30,8,74,021,"27 July, 2020"
2016,2,18,0,15,11,3,39,11,99,021,"27 July, 2020"
2017,2,30,2,8,1,0,21,17,81,021,"27 July, 2020"
2018,3,19,0,14,2,1,26,38,103,021,"27 July, 2020"
2019,2,62,31,74,4,1,59,52,285,021,"27 July, 2020"
2020,0,11,0,6,0,0,4,4,25,021,"27 July, 2020"
1991,2,128,15,54,19,13,83,39,353,022,"27 July, 2020"
1992,2,121,12,39,21,14,11,27,247,022,"27 July, 2020"
1993,5,153,2,90,13,5,27,48,343,022,"27 July, 2020"
1994,5,142,5,93,21,6,7,53,332,022,"27 July, 2020"
1995,10,113,8,96,24,8,36,42,337,022,"27 July, 2020"
1996,8,161,9,89,18,11,51,32,379,022,"27 July, 2020"
1997,9,218,15,71,22,9,104,49,497,022,"27 July, 2020"
1998,2,185,14,106,28,14,56,71,476,022,"27 July, 2020"
1999,5,217,8,93,27,13,135,86,584,022,"27 July, 2020"
2000,5,248,9,66,32,15,161,86,622,022,"27 July, 2020"
2001,6,232,13,128,39,24,164,74,680,022,"27 July, 2020"
2002,6,211,9,122,31,26,211,67,683,022,"27 July, 2020"
2003,13,197,12,105,32,20,125,46,550,022,"27 July, 2020"
2004,11,146,12,84,13,18,81,40,405,022,"27 July, 2020"
2005,8,137,11,62,26,10,89,46,389,022,"27 July, 2020"
2006,5,101,6,68,18,5,86,21,310,022,"27 July, 2020"
2007,3,109,6,75,16,5,68,20,302,022,"27 July, 2020"
2008,3,80,8,85,20,1,64,24,285,022,"27 July, 2020"
2009,2,92,6,60,22,3,43,28,256,022,"27 July, 2020"
2010,1,73,3,53,25,6,43,22,226,022,"27 July, 2020"
2011,2,71,4,61,21,10,51,21,241,022,"27 July, 2020"
2012,1,65,4,64,29,7,35,18,223,022,"27 July, 2020"
2013,3,46,2,33,20,3,25,15,147,022,"27 July, 2020"
2014,2,37,3,39,33,2,33,18,167,022,"27 July, 2020"
2015,2,44,1,30,29,2,56,17,181,022,"27 July, 2020"
2016,2,71,2,45,27,5,79,21,252,022,"27 July, 2020"
2017,2,91,32,69,36,16,89,45,380,022,"27 July, 2020"
2018,2,72,11,58,34,11,53,40,281,022,"27 July, 2020"
2019,1,60,5,46,27,6,36,25,206,022,"27 July, 2020"
2020,1,12,0,18,2,2,12,7,54,022,"27 July, 2020"
1991,0,0,0,0,0,0,0,0,0,079,"27 July, 2020"
1992,0,0,0,0,0,0,0,0,0,079,"27 July, 2020"
1993,0,0,0,0,0,0,0,0,0,079,"27 July, 2020"
1994,0,0,0,0,0,0,0,0,0,079,"27 July, 2020"
1995,0,0,0,0,0,0,0,0,0,079,"27 July, 2020"
1996,0,0,0,0,0,0,0,0,0,079,"27 July, 2020"
1997,0,0,0,0,0,0,0,0,0,079,"27 July, 2020"
1998,0,0,0,0,0,0,0,0,0,079,"27 July, 2020"
1999,0,0,0,0,0,0,0,0,0,079,"27 July, 2020"
2000,0,0,0,0,0,0,0,0,0,079,"27 July, 2020"
2001,0,0,0,0,0,0,0,0,0,079,"27 July, 2020"
2002,0,0,0,0,0,0,0,0,0,079,"27 July, 2020"
2003,0,0,0,0,0,0,0,0,0,079,"27 July, 2020"
2004,0,0,0,0,0,0,0,0,0,079,"27 July, 2020"
2005,0,0,0,0,0,0,0,0,0,079,"27 July, 2020"
2006,0,0,0,0,0,0,0,0,0,079,"27 July, 2020"
2007,0,0,0,0,0,0,0,0,0,079,"27 July, 2020"
2008,0,0,0,0,0,0,0,0,0,079,"27 July, 2020"
2009,0,0,0,0,0,0,0,0,0,079,"27 July, 2020"
2010,0,0,0,0,0,0,0,0,0,079,"27 July, 2020"
2011,0,0,0,0,0,0,0,0,0,079,"27 July, 2020"
2012,0,0,0,0,0,0,0,0,0,079,"27 July, 2020"
2013,0,0,0,0,0,0,0,0,0,079,"27 July, 2020"
2014,0,0,0,0,0,0,0,0,0,079,"27 July, 2020"
2015,0,0,0,0,0,0,0,0,0,079,"27 July, 2020"
2016,0,0,0,0,0,0,0,0,0,079,"27 July, 2020"
2017,0,0,0,0,0,0,0,0,0,079,"27 July, 2020"
2018,0,0,0,0,0,0,0,0,0,079,"27 July, 2020"
2019,0,0,0,0,0,0,0,0,0,079,"27 July, 2020"
2020,0,0,0,0,0,0,0,0,0,079,"27 July, 2020"
1995,17,14,8,NN,11,9,81,17,157,043,"27 July, 2020"
1996,6,27,5,NN,14,3,51,19,125,043,"27 July, 2020"
1997,7,30,10,16,26,3,60,36,188,043,"27 July, 2020"
1998,5,38,5,31,8,3,46,38,174,043,"27 July, 2020"
1999,8,33,3,NN,12,4,72,39,171,043,"27 July, 2020"
2000,16,91,4,NN,15,1,43,39,209,043,"27 July, 2020"
2001,1,28,1,3,12,0,39,29,113,043,"27 July, 2020"
2002,0,29,1,6,10,0,11,13,70,043,"27 July, 2020"
2003,2,36,0,10,12,0,4,13,77,043,"27 July, 2020"
2004,3,65,0,17,4,0,3,10,102,043,"27 July, 2020"
2005,1,111,7,71,8,0,20,22,240,043,"27 July, 2020"
2006,1,155,7,58,20,0,16,17,274,043,"27 July, 2020"
2007,4,323,58,46,22,2,18,109,582,043,"27 July, 2020"
2008,0,77,52,29,18,2,13,95,286,043,"27 July, 2020"
2009,0,40,13,35,12,1,45,20,166,043,"27 July, 2020"
2010,1,40,2,25,1,0,13,15,97,043,"27 July, 2020"
2011,1,68,0,35,7,4,24,14,153,043,"27 July, 2020"
2012,6,106,0,32,7,1,30,19,201,043,"27 July, 2020"
2013,1,91,6,40,5,5,24,45,217,043,"27 July, 2020"
2014,2,79,1,46,19,5,11,23,186,043,"27 July, 2020"
2015,5,66,14,46,33,8,18,455,645,043,"27 July, 2020"
2016,1,67,137,62,20,4,32,481,804,043,"27 July, 2020"
2017,4,128,147,401,62,3,44,23,812,043,"27 July, 2020"
2018,1,71,39,475,11,1,18,18,634,043,"27 July, 2020"
2019,0,58,1,50,8,4,17,33,171,043,"27 July, 2020"
2020,13,41,3,26,10,0,10,9,112,043,"27 July, 2020"
2001,0,0,3,1,1,0,0,1,6,049,"27 July, 2020"
2002,0,0,0,0,0,0,0,2,2,049,"27 July, 2020"
2003,0,0,0,0,0,0,0,0,0,049,"27 July, 2020"
2004,0,0,1,0,0,0,0,0,1,049,"27 July, 2020"
2005,0,0,1,1,0,0,0,0,2,049,"27 July, 2020"
2006,0,0,0,0,0,0,0,1,1,049,"27 July, 2020"
2007,0,0,0,0,0,0,0,0,0,049,"27 July, 2020"
2008,0,1,0,0,0,0,0,1,2,049,"27 July, 2020"
2009,0,0,1,1,0,0,0,2,4,049,"27 July, 2020"
2010,0,0,0,0,0,0,0,0,0,049,"27 July, 2020"
2011,0,3,2,0,2,0,0,9,16,049,"27 July, 2020"
2012,0,0,0,1,0,0,0,0,1,049,"27 July, 2020"
2013,0,0,0,0,0,0,0,0,0,049,"27 July, 2020"
2014,0,0,0,0,0,0,0,0,0,049,"27 July, 2020"
2015,0,0,2,0,0,0,0,0,2,049,"27 July, 2020"
2016,0,0,0,0,0,0,0,0,0,049,"27 July, 2020"
2017,0,0,0,0,0,0,0,0,0,049,"27 July, 2020"
2018,0,0,1,0,0,0,0,0,1,049,"27 July, 2020"
2019,0,0,0,0,0,0,0,0,0,049,"27 July, 2020"
2020,0,0,0,0,0,0,0,0,0,049,"27 July, 2020"
1991,0,0,0,0,51,0,0,0,51,044,"27 July, 2020"
1992,0,0,0,0,49,0,0,0,49,044,"27 July, 2020"
1993,0,0,0,0,68,0,0,0,68,044,"27 July, 2020"
1994,0,0,0,0,68,0,0,0,68,044,"27 July, 2020"
1995,0,0,0,0,45,0,0,0,45,044,"27 July, 2020"
1996,0,0,0,0,54,0,0,0,54,044,"27 July, 2020"
1997,1,0,1,0,32,0,0,0,34,044,"27 July, 2020"
1998,0,0,0,0,34,0,0,0,34,044,"27 July, 2020"
1999,0,0,1,0,0,0,0,0,1,044,"27 July, 2020"
2000,1,0,2,0,0,0,0,0,3,044,"27 July, 2020"
2001,0,0,1,0,0,0,0,0,1,044,"27 July, 2020"
2002,0,0,0,0,0,0,0,0,0,044,"27 July, 2020"
2003,0,0,0,0,0,0,0,0,0,044,"27 July, 2020"
2004,0,0,0,0,0,0,0,0,0,044,"27 July, 2020"
2005,0,0,0,0,0,0,0,0,0,044,"27 July, 2020"
2006,0,0,0,0,0,0,0,0,0,044,"27 July, 2020"
2007,0,0,0,0,0,0,0,0,0,044,"27 July, 2020"
2008,0,0,0,0,0,0,0,0,0,044,"27 July, 2020"
2009,0,0,0,0,0,0,0,0,0,044,"27 July, 2020"
2010,0,0,0,0,0,0,0,0,0,044,"27 July, 2020"
2011,0,0,0,0,0,0,0,0,0,044,"27 July, 2020"
2012,0,0,0,0,0,0,0,0,0,044,"27 July, 2020"
2013,0,0,0,0,0,0,0,0,0,044,"27 July, 2020"
2014,0,0,0,0,0,0,0,0,0,044,"27 July, 2020"
2015,0,0,0,0,0,0,0,0,0,044,"27 July, 2020"
2016,0,0,0,0,0,0,0,0,0,044,"27 July, 2020"
2017,0,0,0,0,0,0,0,0,0,044,"27 July, 2020"
2018,0,0,0,0,0,0,0,0,0,044,"27 July, 2020"
2019,0,0,0,0,0,0,0,0,0,044,"27 July, 2020"
2020,0,0,0,0,0,0,0,0,0,044,"27 July, 2020"
1991,3,NN,2,0,34,0,100,3,142,023,"27 July, 2020"
1992,1,NN,1,3,18,0,78,9,110,023,"27 July, 2020"
1993,0,NN,3,5,21,1,43,6,79,023,"27 July, 2020"
1994,1,NN,0,3,20,3,70,3,100,023,"27 July, 2020"
1995,1,NN,0,15,6,2,143,3,170,023,"27 July, 2020"
1996,0,NN,0,14,2,1,66,5,88,023,"27 July, 2020"
1997,0,NN,0,NN,4,0,31,3,38,023,"27 July, 2020"
1998,2,NN,0,NN,0,2,50,1,55,023,"27 July, 2020"
1999,0,NN,0,NN,10,2,62,8,82,023,"27 July, 2020"
2000,0,NN,1,NN,6,6,84,6,103,023,"27 July, 2020"
2001,1,38,1,NN,15,0,71,9,135,023,"27 July, 2020"
2002,1,155,2,3,3,1,43,6,214,023,"27 July, 2020"
2003,1,87,2,2,1,0,102,4,199,023,"27 July, 2020"
2004,2,81,0,3,5,0,148,0,239,023,"27 July, 2020"
2005,2,121,0,2,1,0,35,4,165,023,"27 July, 2020"
2006,2,94,0,2,2,1,60,4,165,023,"27 July, 2020"
2007,0,35,0,2,2,1,50,3,93,023,"27 July, 2020"
2008,0,40,0,3,0,0,53,6,102,023,"27 July, 2020"
2009,0,20,0,0,3,0,38,2,63,023,"27 July, 2020"
2010,0,15,0,0,1,3,36,3,58,023,"27 July, 2020"
2011,0,21,0,1,0,1,59,7,89,023,"27 July, 2020"
2012,0,19,0,1,1,0,47,8,76,023,"27 July, 2020"
2013,0,8,0,1,0,0,34,4,47,023,"27 July, 2020"
2014,0,14,0,4,0,0,21,2,41,023,"27 July, 2020"
2015,0,2,0,1,1,0,11,1,16,023,"27 July, 2020"
2016,0,14,0,0,0,0,8,0,22,023,"27 July, 2020"
2017,0,4,0,1,1,0,12,3,21,023,"27 July, 2020"
2018,0,7,0,0,0,0,2,0,9,023,"27 July, 2020"
2019,0,11,0,1,1,0,9,0,22,023,"27 July, 2020"
2020,0,16,0,0,1,0,0,0,17,023,"27 July, 2020"
1991,0,21,0,0,2,2,9,2,36,080,"27 July, 2020"
1992,0,8,0,0,1,0,6,0,15,080,"27 July, 2020"
1993,0,9,0,0,1,1,4,6,21,080,"27 July, 2020"
1994,0,11,1,0,4,1,3,9,29,080,"27 July, 2020"
1995,1,12,0,2,2,1,8,7,33,080,"27 July, 2020"
1996,0,15,2,4,1,0,6,7,35,080,"27 July, 2020"
1997,0,5,0,2,2,1,10,2,22,080,"27 July, 2020"
1998,0,6,1,3,1,1,4,3,19,080,"27 July, 2020"
1999,1,6,2,2,4,0,4,2,21,080,"27 July, 2020"
2000,0,14,0,3,2,0,5,1,25,080,"27 July, 2020"
2001,0,13,1,1,1,0,9,6,31,080,"27 July, 2020"
2002,0,11,1,1,3,0,13,5,34,080,"27 July, 2020"
2003,0,20,1,7,1,0,11,0,40,080,"27 July, 2020"
2004,1,21,0,8,7,1,25,13,76,080,"27 July, 2020"
2005,0,24,1,1,7,0,11,4,48,080,"27 July, 2020"
2006,2,30,1,8,4,2,15,1,63,080,"27 July, 2020"
2007,1,21,2,5,4,0,22,3,58,080,"27 July, 2020"
2008,0,26,1,5,5,0,24,3,64,080,"27 July, 2020"
2009,4,24,3,6,2,0,17,5,61,080,"27 July, 2020"
2010,1,32,0,12,2,0,26,13,86,080,"27 July, 2020"
2011,0,25,0,7,1,0,27,9,69,080,"27 July, 2020"
2012,2,26,2,9,3,1,25,9,77,080,"27 July, 2020"
2013,2,33,1,6,6,0,16,10,74,080,"27 July, 2020"
2014,4,26,1,9,2,0,18,10,70,080,"27 July, 2020"
2015,4,18,1,6,9,0,27,11,76,080,"27 July, 2020"
2016,3,20,3,8,4,2,27,12,79,080,"27 July, 2020"
2017,2,21,2,7,6,0,26,4,68,080,"27 July, 2020"
2018,3,32,0,6,7,0,23,9,80,080,"27 July, 2020"
2019,0,39,0,15,13,1,40,9,117,080,"27 July, 2020"
2020,1,15,1,2,1,0,18,0,38,080,"27 July, 2020"
1991,1,48,0,131,38,2,77,45,342,024,"27 July, 2020"
1992,9,217,1,222,70,29,165,90,803,024,"27 July, 2020"
1993,48,1532,7,687,1326,56,601,259,4516,024,"27 July, 2020"
1994,19,1405,186,1922,761,34,482,660,5469,024,"27 July, 2020"
1995,33,1368,132,1347,456,110,414,339,4199,024,"27 July, 2020"
1996,40,1154,14,775,923,31,1398,226,4561,024,"27 July, 2020"
1997,106,4243,24,1900,1639,112,1570,1205,10799,024,"27 July, 2020"
1998,100,2307,24,1392,549,55,966,282,5675,024,"27 July, 2020"
1999,83,1411,2,963,228,635,941,96,4359,024,"27 July, 2020"
2000,209,3694,9,537,590,143,715,93,5990,024,"27 July, 2020"
2001,86,4435,150,1631,2012,104,868,227,9513,024,"27 July, 2020"
2002,55,2011,37,1853,473,41,868,231,5569,024,"27 July, 2020"
2003,357,2769,5,716,232,133,630,255,5097,024,"27 July, 2020"
2004,124,3563,27,1034,994,37,872,2086,8737,024,"27 July, 2020"
2005,315,5758,92,1773,1506,34,1154,514,11146,024,"27 July, 2020"
2006,260,3677,97,2171,2173,41,1073,266,9758,024,"27 July, 2020"
2007,97,1612,27,1535,376,25,1051,133,4856,024,"27 July, 2020"
2008,144,7528,478,2262,1481,198,1737,464,14292,024,"27 July, 2020"
2009,351,12421,216,6208,5381,622,4208,777,30184,024,"27 July, 2020"
2010,713,9340,328,8215,7404,280,7102,1451,34833,024,"27 July, 2020"
2011,829,13194,379,8985,2354,351,8669,3991,38752,024,"27 July, 2020"
2012,429,5836,298,7521,908,1277,4449,3375,24093,024,"27 July, 2020"
2013,238,2342,108,3813,813,522,2903,1637,12376,024,"27 July, 2020"
2014,233,3134,83,1400,505,68,4720,1749,11892,024,"27 July, 2020"
2015,487,12245,59,1865,1332,31,4688,1866,22573,024,"27 July, 2020"
2016,506,10831,224,2157,1960,30,2892,1520,20120,024,"27 July, 2020"
2017,254,5270,110,1343,1741,40,1970,1508,12236,024,"27 July, 2020"
2018,274,6352,68,1763,705,416,1693,1312,12583,024,"27 July, 2020"
2019,270,6333,36,1765,285,569,2219,548,12025,024,"27 July, 2020"
2020,46,1273,13,466,269,54,932,105,3158,024,"27 July, 2020"
1991,0,0,0,0,0,0,0,0,0,025,"27 July, 2020"
1992,0,0,0,0,0,0,0,0,0,025,"27 July, 2020"
1993,0,0,0,0,0,0,0,0,0,025,"27 July, 2020"
1994,0,0,0,0,0,0,0,0,0,025,"27 July, 2020"
1995,0,0,0,0,0,0,0,0,0,025,"27 July, 2020"
1996,0,0,0,0,0,0,0,0,0,025,"27 July, 2020"
1997,0,0,0,0,0,0,0,0,0,025,"27 July, 2020"
1998,0,0,0,0,0,0,0,0,0,025,"27 July, 2020"
1999,0,0,0,0,0,0,0,0,0,025,"27 July, 2020"
2000,0,0,0,0,0,0,0,0,0,025,"27 July, 2020"
2001,0,0,0,0,0,0,0,0,0,025,"27 July, 2020"
2002,0,0,0,0,0,0,0,0,0,025,"27 July, 2020"
2003,0,0,0,0,0,0,0,0,0,025,"27 July, 2020"
2004,0,0,0,0,0,0,0,0,0,025,"27 July, 2020"
2005,0,0,0,0,0,0,0,0,0,025,"27 July, 2020"
2006,0,0,0,0,0,0,0,0,0,025,"27 July, 2020"
2007,0,0,0,0,0,0,0,0,0,025,"27 July, 2020"
2008,0,0,0,0,0,0,0,0,0,025,"27 July, 2020"
2009,0,0,0,0,0,0,0,0,0,025,"27 July, 2020"
2010,0,0,0,0,0,0,0,0,0,025,"27 July, 2020"
2011,0,0,0,0,0,0,0,0,0,025,"27 July, 2020"
2012,0,0,0,0,0,0,0,0,0,025,"27 July, 2020"
2013,0,0,0,0,0,0,0,0,0,025,"27 July, 2020"
2014,0,0,0,0,0,0,0,0,0,025,"27 July, 2020"
2015,0,0,0,0,0,0,0,0,0,025,"27 July, 2020"
2016,0,0,0,0,0,0,0,0,0,025,"27 July, 2020"
2017,0,0,0,0,0,0,0,0,0,025,"27 July, 2020"
2018,0,0,0,0,0,0,0,0,0,025,"27 July, 2020"
2019,0,0,0,0,0,0,0,0,0,025,"27 July, 2020"
2020,0,0,0,0,0,0,0,0,0,025,"27 July, 2020"
2001,18,445,99,429,115,62,382,204,1754,065,"27 July, 2020"
2002,33,880,65,437,177,63,550,210,2415,065,"27 July, 2020"
2003,41,801,72,461,173,52,471,150,2221,065,"27 July, 2020"
2004,55,903,92,472,193,56,389,195,2355,065,"27 July, 2020"
2005,30,642,70,316,131,45,302,140,1676,065,"27 July, 2020"
2006,19,562,56,253,102,41,278,133,1444,065,"27 July, 2020"
2007,36,518,67,314,91,31,280,130,1467,065,"27 July, 2020"
2008,19,546,60,325,121,39,357,161,1628,065,"27 July, 2020"
2009,30,476,87,258,145,39,370,149,1554,065,"27 July, 2020"
2010,25,498,56,272,139,46,406,198,1640,065,"27 July, 2020"
2011,26,530,129,340,142,47,426,243,1883,065,"27 July, 2020"
2012,27,581,72,347,131,45,385,236,1824,065,"27 July, 2020"
2013,14,472,58,272,111,37,396,193,1553,065,"27 July, 2020"
2014,15,514,43,230,133,39,382,207,1563,065,"27 July, 2020"
2015,17,490,61,242,126,43,353,166,1498,065,"27 July, 2020"
2016,28,542,46,265,137,50,396,200,1664,065,"27 July, 2020"
2017,23,697,65,311,212,48,497,197,2050,065,"27 July, 2020"
2018,21,668,55,370,149,44,516,208,2031,065,"27 July, 2020"
2019,37,702,54,359,183,37,507,250,2129,065,"27 July, 2020"
2020,8,179,21,106,55,5,119,79,572,065,"27 July, 2020"
1991,0,0,0,0,0,0,0,0,0,026,"27 July, 2020"
1992,0,0,0,0,0,0,0,0,0,026,"27 July, 2020"
1993,0,0,0,0,0,0,0,0,0,026,"27 July, 2020"
1994,0,0,0,0,0,0,0,0,0,026,"27 July, 2020"
1995,0,0,0,0,0,0,0,0,0,026,"27 July, 2020"
1996,0,0,0,0,0,0,0,0,0,026,"27 July, 2020"
1997,0,0,0,0,0,0,0,0,0,026,"27 July, 2020"
1998,0,0,0,0,0,0,0,0,0,026,"27 July, 2020"
1999,0,0,0,0,0,0,0,0,0,026,"27 July, 2020"
2000,0,0,0,0,0,0,0,0,0,026,"27 July, 2020"
2001,0,0,0,0,0,0,0,0,0,026,"27 July, 2020"
2002,0,0,0,0,0,0,0,0,0,026,"27 July, 2020"
2003,0,0,0,0,0,0,0,0,0,026,"27 July, 2020"
2004,0,0,0,0,0,0,0,0,0,026,"27 July, 2020"
2005,0,0,0,0,0,0,0,0,0,026,"27 July, 2020"
2006,0,0,0,0,0,0,0,0,0,026,"27 July, 2020"
2007,0,0,0,0,0,0,1,0,1,026,"27 July, 2020"
2008,0,0,0,0,0,0,0,0,0,026,"27 July, 2020"
2009,0,0,0,0,0,0,0,0,0,026,"27 July, 2020"
2010,0,0,0,0,0,0,0,0,0,026,"27 July, 2020"
2011,0,0,0,0,0,0,0,0,0,026,"27 July, 2020"
2012,0,0,0,0,0,0,0,0,0,026,"27 July, 2020"
2013,0,0,0,0,0,0,0,0,0,026,"27 July, 2020"
2014,0,0,0,0,0,0,0,0,0,026,"27 July, 2020"
2015,0,0,0,0,0,0,0,0,0,026,"27 July, 2020"
2016,0,0,0,0,0,0,0,0,0,026,"27 July, 2020"
2017,0,0,0,0,0,0,0,0,0,026,"27 July, 2020"
2018,0,0,0,0,0,0,0,0,0,026,"27 July, 2020"
2019,0,0,0,0,0,0,0,0,0,026,"27 July, 2020"
2020,0,0,0,0,0,0,0,0,0,026,"27 July, 2020"
1991,1,167,0,278,30,0,32,4,512,027,"27 July, 2020"
1992,0,212,0,302,12,0,25,6,557,027,"27 July, 2020"
1993,0,403,0,405,15,0,20,25,868,027,"27 July, 2020"
1994,0,268,0,276,27,0,88,9,668,027,"27 July, 2020"
1995,1,200,0,176,8,0,60,4,449,027,"27 July, 2020"
1996,0,286,0,160,4,0,63,28,541,027,"27 July, 2020"
1997,0,258,0,242,8,0,15,15,538,027,"27 July, 2020"
1998,2,235,0,246,25,0,28,14,550,027,"27 July, 2020"
1999,0,164,0,292,10,0,29,20,515,027,"27 July, 2020"
2000,0,132,0,391,11,1,23,14,572,027,"27 July, 2020"
2001,2,142,0,443,17,1,58,19,682,027,"27 July, 2020"
2002,0,308,1,359,28,0,76,20,792,027,"27 July, 2020"
2003,1,287,1,223,15,1,13,19,560,027,"27 July, 2020"
2004,2,220,3,158,40,0,28,10,461,027,"27 July, 2020"
2005,0,142,2,157,17,0,29,6,353,027,"27 July, 2020"
2006,0,175,5,171,18,0,37,5,411,027,"27 July, 2020"
2007,0,205,2,177,25,0,31,7,447,027,"27 July, 2020"
2008,2,166,3,162,17,0,33,6,389,027,"27 July, 2020"
2009,0,141,3,130,10,0,31,2,317,027,"27 July, 2020"
2010,1,150,1,151,10,0,16,9,338,027,"27 July, 2020"
2011,1,151,1,164,8,0,25,9,359,027,"27 July, 2020"
2012,0,131,4,195,9,0,25,7,371,027,"27 July, 2020"
2013,0,181,1,243,17,0,41,8,491,027,"27 July, 2020"
2014,2,181,1,241,10,0,34,5,474,027,"27 July, 2020"
2015,0,264,1,254,13,0,61,12,605,027,"27 July, 2020"
2016,2,233,2,238,28,0,45,12,560,027,"27 July, 2020"
2017,0,210,0,214,21,3,21,9,478,027,"27 July, 2020"
2018,1,223,0,215,30,0,32,13,514,027,"27 July, 2020"
2019,2,244,2,235,13,8,56,7,567,027,"27 July, 2020"
2020,0,98,0,135,3,2,8,4,250,027,"27 July, 2020"
1991,0,0,0,0,0,0,0,0,0,028,"27 July, 2020"
1992,0,0,0,0,0,0,0,0,0,028,"27 July, 2020"
1993,0,0,0,0,0,0,0,0,0,028,"27 July, 2020"
1994,0,0,0,0,0,0,0,0,0,028,"27 July, 2020"
1995,0,0,0,0,0,0,0,0,0,028,"27 July, 2020"
1996,0,0,0,0,0,0,0,0,0,028,"27 July, 2020"
1997,0,0,0,0,0,0,0,0,0,028,"27 July, 2020"
1998,0,0,0,0,0,0,0,0,0,028,"27 July, 2020"
1999,0,0,0,0,0,0,0,0,0,028,"27 July, 2020"
2000,0,0,0,0,0,0,0,0,0,028,"27 July, 2020"
2001,0,0,0,0,0,0,0,0,0,028,"27 July, 2020"
2002,0,0,0,0,0,0,0,0,0,028,"27 July, 2020"
2003,0,0,0,0,0,0,0,0,0,028,"27 July, 2020"
2004,0,0,0,0,0,0,0,0,0,028,"27 July, 2020"
2005,0,0,0,0,0,0,0,0,0,028,"27 July, 2020"
2006,0,0,0,0,0,0,0,0,0,028,"27 July, 2020"
2007,0,0,0,0,0,0,0,0,0,028,"27 July, 2020"
2008,0,0,0,0,0,0,0,0,0,028,"27 July, 2020"
2009,0,0,0,0,0,0,0,0,0,028,"27 July, 2020"
2010,0,0,0,0,0,0,0,0,0,028,"27 July, 2020"
2011,0,0,0,0,0,0,0,0,0,028,"27 July, 2020"
2012,0,0,0,0,0,0,0,0,0,028,"27 July, 2020"
2013,0,0,0,0,0,0,0,0,0,028,"27 July, 2020"
2014,0,0,0,0,0,0,0,0,0,028,"27 July, 2020"
2015,0,0,0,0,0,0,0,0,0,028,"27 July, 2020"
2016,0,0,0,0,0,0,0,0,0,028,"27 July, 2020"
2017,0,0,0,0,0,0,0,0,0,028,"27 July, 2020"
2018,0,0,0,0,0,0,0,0,0,028,"27 July, 2020"
2019,0,0,0,0,0,0,0,0,0,028,"27 July, 2020"
2020,0,0,0,0,0,0,0,0,0,028,"27 July, 2020"
1993,4,598,264,2251,773,10,1216,154,5270,002,"27 July, 2020"
1994,1,331,312,2998,28,24,57,94,3845,002,"27 July, 2020"
1995,2,236,369,1642,21,28,32,298,2628,002,"27 July, 2020"
1996,1,1030,137,4880,56,76,148,1437,7765,002,"27 July, 2020"
1997,9,1599,218,2361,635,12,1044,711,6589,002,"27 July, 2020"
1998,6,579,127,1946,67,9,135,285,3154,002,"27 July, 2020"
1999,8,952,157,2303,40,67,223,620,4370,002,"27 July, 2020"
2000,16,747,145,1481,417,8,319,1063,4196,002,"27 July, 2020"
2001,9,717,225,1567,142,13,352,195,3220,002,"27 July, 2020"
2002,0,182,63,885,42,117,37,124,1450,002,"27 July, 2020"
2003,1,492,120,2513,33,4,15,659,3837,002,"27 July, 2020"
2004,6,698,233,2005,53,20,90,1092,4197,002,"27 July, 2020"
2005,4,579,209,1179,155,5,97,291,2519,002,"27 July, 2020"
2006,11,1220,279,2609,316,14,211,840,5500,002,"27 July, 2020"
2007,13,840,299,2136,211,8,95,545,4147,002,"27 July, 2020"
2008,21,1151,263,2843,195,77,233,824,5607,002,"27 July, 2020"
2009,4,907,431,2143,330,29,94,800,4738,002,"27 July, 2020"
2010,22,1087,336,2380,451,38,419,388,5121,002,"27 July, 2020"
2011,8,580,184,1216,980,7,1305,849,5129,002,"27 July, 2020"
2012,11,605,226,1943,221,18,280,1374,4678,002,"27 July, 2020"
2013,4,503,301,1792,170,8,168,1365,4311,002,"27 July, 2020"
2014,5,674,412,2344,75,18,212,1570,5310,002,"27 July, 2020"
2015,10,1616,360,6193,112,5,292,953,9541,002,"27 July, 2020"
2016,22,701,201,1628,159,8,543,473,3735,002,"27 July, 2020"
2017,12,1554,166,1851,457,49,1687,1154,6930,002,"27 July, 2020"
2018,6,574,123,1739,55,12,137,493,3139,002,"27 July, 2020"
2019,5,571,155,1648,44,14,144,384,2965,002,"27 July, 2020"
2020,1,1745,59,3015,25,3,30,181,5059,002,"27 July, 2020"
1991,0,0,0,0,0,0,0,0,0,077,"27 July, 2020"
1992,0,0,0,0,0,0,0,0,0,077,"27 July, 2020"
1993,0,0,0,0,0,0,0,0,0,077,"27 July, 2020"
1994,0,0,0,0,0,0,0,0,0,077,"27 July, 2020"
1995,0,0,1,0,0,0,0,0,1,077,"27 July, 2020"
1996,0,0,0,0,0,0,0,0,0,077,"27 July, 2020"
1997,0,0,1,0,0,0,0,0,1,077,"27 July, 2020"
1998,0,0,0,0,0,0,0,0,0,077,"27 July, 2020"
1999,0,0,7,0,0,0,0,0,7,077,"27 July, 2020"
2000,0,0,3,1,0,0,0,0,4,077,"27 July, 2020"
2001,0,0,0,0,0,0,0,0,0,077,"27 July, 2020"
2002,0,0,0,0,0,0,0,0,0,077,"27 July, 2020"
2003,0,0,0,0,0,0,0,0,0,077,"27 July, 2020"
2004,0,0,1,7,0,0,0,0,8,077,"27 July, 2020"
2005,0,0,0,7,0,0,0,0,7,077,"27 July, 2020"
2006,0,0,1,2497,0,0,0,235,2733,077,"27 July, 2020"
2007,0,0,0,1190,0,0,0,738,1928,077,"27 July, 2020"
2008,0,0,0,1079,134,0,0,427,1640,077,"27 July, 2020"
2009,0,11,6,898,435,52,0,418,1820,077,"27 July, 2020"
2010,NN,1378,150,814,837,121,NN,618,3918,077,"27 July, 2020"
2011,NN,1062,158,1391,456,78,NN,187,3332,077,"27 July, 2020"
2012,NN,1759,20,950,621,98,NN,349,3797,077,"27 July, 2020"
2013,NN,492,294,1171,798,107,NN,346,3208,077,"27 July, 2020"
2014,NN,722,103,917,790,78,NN,412,3022,077,"27 July, 2020"
2015,NN,1045,183,1117,1137,54,NN,598,4134,077,"27 July, 2020"
2016,NN,760,48,1277,437,31,NN,180,2733,077,"27 July, 2020"
2017,NN,2316,325,2604,1366,135,NN,520,7266,077,"27 July, 2020"
2018,26,799,145,1039,495,37,NN,326,2867,077,"27 July, 2020"
2019,85,1808,80,2297,801,76,487,539,6173,077,"27 July, 2020"
2020,41,300,36,208,251,31,183,128,1178,077,"27 July, 2020"
1993,127,1184,18,1398,274,NN,530,503,4034,029,"27 July, 2020"
1994,49,229,45,2141,77,NN,220,724,3485,029,"27 July, 2020"
1995,174,2374,10,1066,85,169,1269,394,5541,029,"27 July, 2020"
1996,70,631,7,972,381,32,697,161,2951,029,"27 July, 2020"
1997,32,153,7,536,183,17,387,84,1399,029,"27 July, 2020"
1998,22,78,5,370,16,14,160,65,730,029,"27 July, 2020"
1999,17,45,3,157,4,7,117,21,371,029,"27 July, 2020"
2000,4,191,0,46,7,0,67,6,321,029,"27 July, 2020"
2001,1,58,0,134,5,2,60,3,263,029,"27 July, 2020"
2002,3,35,1,188,5,1,16,3,252,029,"27 July, 2020"
2003,0,23,0,25,1,1,1,3,54,029,"27 July, 2020"
2004,0,17,0,8,2,0,0,3,30,029,"27 July, 2020"
2005,0,10,0,7,0,0,6,6,29,029,"27 July, 2020"
2006,0,37,0,12,2,0,6,2,59,029,"27 July, 2020"
2007,2,8,0,14,1,0,7,3,35,029,"27 July, 2020"
2008,0,17,0,3,1,0,7,7,35,029,"27 July, 2020"
2009,0,7,0,6,3,0,6,5,27,029,"27 July, 2020"
2010,1,13,0,5,0,0,22,3,44,029,"27 July, 2020"
2011,2,17,0,10,3,0,11,15,58,029,"27 July, 2020"
2012,1,10,0,8,2,1,11,2,35,029,"27 July, 2020"
2013,1,12,0,6,2,0,3,1,25,029,"27 July, 2020"
2014,0,9,0,2,2,0,2,1,16,029,"27 July, 2020"
2015,1,7,0,4,2,1,0,2,17,029,"27 July, 2020"
2016,0,7,0,3,0,1,5,1,17,029,"27 July, 2020"
2017,0,5,0,3,0,0,0,2,10,029,"27 July, 2020"
2018,0,0,0,5,0,0,3,1,9,029,"27 July, 2020"
2019,0,9,0,4,0,0,8,1,22,029,"27 July, 2020"
2020,0,1,0,0,1,0,0,0,2,029,"27 July, 2020"
1991,0,1,0,0,0,0,0,0,1,046,"27 July, 2020"
1992,0,0,0,0,0,0,0,0,0,046,"27 July, 2020"
1993,0,2,0,0,0,0,0,0,2,046,"27 July, 2020"
1994,0,4,0,0,0,0,0,0,4,046,"27 July, 2020"
1995,0,1,0,0,0,0,0,0,1,046,"27 July, 2020"
1996,0,5,0,0,0,0,0,0,5,046,"27 July, 2020"
1997,0,0,0,0,0,0,0,0,0,046,"27 July, 2020"
1998,0,0,0,0,0,0,0,0,0,046,"27 July, 2020"
1999,0,1,0,0,0,0,0,0,1,046,"27 July, 2020"
2000,0,0,0,0,0,0,0,0,0,046,"27 July, 2020"
2001,0,0,0,0,0,0,0,0,0,046,"27 July, 2020"
2002,0,0,0,1,0,0,0,1,2,046,"27 July, 2020"
2003,0,1,0,2,0,0,0,0,3,046,"27 July, 2020"
2004,0,1,0,0,0,0,0,0,1,046,"27 July, 2020"
2005,0,0,0,0,0,0,1,0,1,046,"27 July, 2020"
2006,0,0,0,0,0,0,0,0,0,046,"27 July, 2020"
2007,0,1,0,0,0,0,0,0,1,046,"27 July, 2020"
2008,0,0,0,0,0,0,1,0,1,046,"27 July, 2020"
2009,0,0,0,0,0,0,0,0,0,046,"27 July, 2020"
2010,0,0,0,0,0,0,0,0,0,046,"27 July, 2020"
2011,0,0,0,0,0,0,0,0,0,046,"27 July, 2020"
2012,0,0,1,0,1,0,0,0,2,046,"27 July, 2020"
2013,0,0,0,0,0,0,1,0,1,046,"27 July, 2020"
2014,0,0,0,0,0,0,0,0,0,046,"27 July, 2020"
2015,0,0,0,1,0,0,0,0,1,046,"27 July, 2020"
2016,0,0,0,0,0,0,0,0,0,046,"27 July, 2020"
2017,0,0,0,0,0,0,0,0,0,046,"27 July, 2020"
2018,0,0,0,0,0,0,0,0,0,046,"27 July, 2020"
2019,0,0,0,0,0,0,0,0,0,046,"27 July, 2020"
2020,0,0,0,0,0,0,0,0,0,046,"27 July, 2020"
1999,0,0,0,NN,42,0,4,NN,46,054,"27 July, 2020"
2000,0,1,0,NN,33,0,3,NN,37,054,"27 July, 2020"
2001,0,1,0,13,27,0,1,3,45,054,"27 July, 2020"
2002,0,6,0,5,39,0,5,4,59,054,"27 July, 2020"
2003,0,3,0,5,37,0,3,3,51,054,"27 July, 2020"
2004,0,5,0,10,30,0,4,0,49,054,"27 July, 2020"
2005,0,16,0,9,39,2,8,12,86,054,"27 July, 2020"
2006,0,10,2,12,35,0,4,3,66,054,"27 July, 2020"
2007,1,23,3,23,40,0,14,2,106,054,"27 July, 2020"
2008,0,19,0,29,39,0,11,0,98,054,"27 July, 2020"
2009,0,21,1,22,62,0,16,6,128,054,"27 July, 2020"
2010,0,10,0,17,33,0,12,8,80,054,"27 July, 2020"
2011,5,10,1,16,49,2,9,3,95,054,"27 July, 2020"
2012,6,13,2,27,45,7,11,1,112,054,"27 July, 2020"
2013,3,25,0,83,53,1,11,4,180,054,"27 July, 2020"
2014,0,30,0,28,45,0,10,2,115,054,"27 July, 2020"
2015,0,30,0,32,45,0,29,0,136,054,"27 July, 2020"
2016,0,70,2,24,176,2,33,34,341,054,"27 July, 2020"
2017,0,50,2,27,319,5,34,60,497,054,"27 July, 2020"
2018,0,57,4,25,316,5,62,93,562,054,"27 July, 2020"
2019,1,78,1,29,293,0,102,151,655,054,"27 July, 2020"
2020,0,49,1,12,133,0,64,70,329,054,"27 July, 2020"
1991,18,1123,482,1467,494,201,987,719,5491,030,"27 July, 2020"
1992,17,746,384,1428,352,129,723,659,4438,030,"27 July, 2020"
1993,43,932,395,1359,405,139,676,657,4606,030,"27 July, 2020"
1994,41,1055,460,1447,501,125,962,593,5184,030,"27 July, 2020"
1995,81,1260,365,1605,634,138,956,714,5753,030,"27 July, 2020"
1996,63,1207,424,2025,380,122,881,617,5719,030,"27 July, 2020"
1997,70,1693,339,1895,567,108,1681,583,6936,030,"27 July, 2020"
1998,74,1812,429,2832,520,116,1076,658,7517,030,"27 July, 2020"
1999,64,1433,354,2238,953,151,1090,708,6991,030,"27 July, 2020"
2000,103,1395,323,1825,447,131,1000,924,6148,030,"27 July, 2020"
2001,76,1635,387,2198,610,163,1083,833,6985,030,"27 July, 2020"
2002,95,2092,327,2673,517,166,1226,720,7816,030,"27 July, 2020"
2003,80,1829,359,2181,446,147,1291,614,6947,030,"27 July, 2020"
2004,100,2101,388,2791,527,119,1101,620,7747,030,"27 July, 2020"
2005,94,2120,396,2590,589,302,1450,797,8338,030,"27 July, 2020"
2006,131,1997,401,2687,570,189,1390,797,8162,030,"27 July, 2020"
2007,109,2469,522,2348,870,224,1854,982,9378,030,"27 July, 2020"
2008,132,2214,492,2030,653,205,1633,850,8209,030,"27 July, 2020"
2009,221,2686,488,2412,681,166,1630,1114,9398,030,"27 July, 2020"
2010,211,3709,573,2853,667,236,2263,1265,11777,030,"27 July, 2020"
2011,161,3441,403,2886,1059,195,2711,1310,12166,030,"27 July, 2020"
2012,238,2908,405,2764,843,277,2526,1159,11120,030,"27 July, 2020"
2013,279,3396,387,3163,975,248,2949,1268,12665,030,"27 July, 2020"
2014,221,4280,456,4836,1220,250,3677,1251,16191,030,"27 July, 2020"
2015,237,4036,545,5322,1263,257,3520,1706,16886,030,"27 July, 2020"
2016,268,4476,658,4763,1572,282,4041,1953,18013,030,"27 July, 2020"
2017,349,3700,533,4224,1456,309,3225,2580,16376,030,"27 July, 2020"
2018,191,3343,529,3483,1174,284,3084,2061,14149,030,"27 July, 2020"
2019,162,3526,427,3816,1177,237,3179,2153,14677,030,"27 July, 2020"
2020,79,2022,252,2992,440,119,1274,1147,8325,030,"27 July, 2020"
1991,1,NN,360,90,90,1,85,289,916,031,"27 July, 2020"
1992,3,NN,230,94,88,4,76,198,693,031,"27 July, 2020"
1993,3,NN,130,179,85,1,86,192,676,031,"27 July, 2020"
1994,8,NN,132,155,63,2,78,285,723,031,"27 July, 2020"
1995,7,NN,199,219,75,1,80,141,722,031,"27 July, 2020"
1996,3,NN,149,226,59,2,65,155,659,031,"27 July, 2020"
1997,5,NN,165,205,106,4,96,221,802,031,"27 July, 2020"
1998,11,NN,101,150,65,3,100,151,581,031,"27 July, 2020"
1999,5,NN,112,129,72,1,103,112,534,031,"27 July, 2020"
2000,7,NN,118,107,30,2,116,108,488,031,"27 July, 2020"
2001,6,134,106,107,34,6,95,78,566,031,"27 July, 2020"
2002,0,85,102,93,26,1,67,127,501,031,"27 July, 2020"
2003,3,59,134,53,32,4,48,110,443,031,"27 July, 2020"
2004,2,96,116,67,56,3,69,111,520,031,"27 July, 2020"
2005,7,134,197,79,48,5,102,156,728,031,"27 July, 2020"
2006,2,72,125,98,38,3,77,129,544,031,"27 July, 2020"
2007,0,71,173,87,64,3,96,100,594,031,"27 July, 2020"
2008,3,109,176,94,138,3,137,169,829,031,"27 July, 2020"
2009,8,151,85,114,52,2,85,120,617,031,"27 July, 2020"
2010,7,117,75,93,55,5,88,113,553,031,"27 July, 2020"
2011,9,131,77,63,33,2,94,84,493,031,"27 July, 2020"
2012,6,124,107,82,49,7,120,53,548,031,"27 July, 2020"
2013,10,149,107,72,29,3,115,52,537,031,"27 July, 2020"
2014,9,200,99,171,22,2,464,68,1035,031,"27 July, 2020"
2015,7,176,136,145,18,6,452,97,1037,031,"27 July, 2020"
2016,5,312,187,181,31,12,589,93,1410,031,"27 July, 2020"
2017,7,231,442,237,66,24,543,198,1748,031,"27 July, 2020"
2018,30,549,406,450,281,17,512,264,2509,031,"27 July, 2020"
2019,44,864,296,615,283,20,646,389,3157,031,"27 July, 2020"
2020,13,370,209,208,107,1,202,161,1271,031,"27 July, 2020"
2003,0,0,0,0,0,0,0,0,0,069,"27 July, 2020"
2004,0,0,0,0,0,0,0,0,0,069,"27 July, 2020"
2005,0,0,0,0,0,0,0,0,0,069,"27 July, 2020"
2006,0,0,0,0,0,0,0,0,0,069,"27 July, 2020"
2007,0,0,0,0,0,0,0,0,0,069,"27 July, 2020"
2008,0,0,0,0,0,0,0,0,0,069,"27 July, 2020"
2009,0,0,0,0,0,0,0,0,0,069,"27 July, 2020"
2010,0,0,0,0,0,0,0,0,0,069,"27 July, 2020"
2011,0,0,0,0,0,0,0,0,0,069,"27 July, 2020"
2012,0,0,0,0,0,0,0,0,0,069,"27 July, 2020"
2013,0,0,0,0,0,0,0,0,0,069,"27 July, 2020"
2014,0,0,0,0,0,0,0,0,0,069,"27 July, 2020"
2015,0,0,0,0,0,0,0,0,0,069,"27 July, 2020"
2016,0,0,0,0,0,0,0,0,0,069,"27 July, 2020"
2017,0,0,0,0,0,0,0,0,0,069,"27 July, 2020"
2018,0,0,0,0,0,0,0,0,0,069,"27 July, 2020"
2019,0,0,0,0,0,0,0,0,0,069,"27 July, 2020"
2020,0,0,0,0,0,0,0,0,0,069,"27 July, 2020"
2004,3,291,57,110,14,2,86,50,613,066,"27 July, 2020"
2005,4,240,94,143,11,6,120,19,637,066,"27 July, 2020"
2006,2,226,150,178,42,5,231,50,884,066,"27 July, 2020"
2007,9,454,118,260,50,8,431,104,1434,066,"27 July, 2020"
2008,4,422,83,199,47,8,380,176,1319,066,"27 July, 2020"
2009,11,517,38,193,37,10,389,89,1284,066,"27 July, 2020"
2010,14,402,43,229,22,6,299,81,1096,066,"27 July, 2020"
2011,10,388,30,337,18,6,331,121,1241,066,"27 July, 2020"
2012,15,500,14,392,45,14,475,78,1533,066,"27 July, 2020"
2013,10,606,23,334,41,21,640,86,1761,066,"27 July, 2020"
2014,18,785,72,396,29,16,653,93,2062,066,"27 July, 2020"
2015,14,752,206,575,118,16,946,163,2790,066,"27 July, 2020"
2016,13,874,230,683,86,6,1144,336,3372,066,"27 July, 2020"
2017,33,1119,322,1083,163,11,1363,322,4416,066,"27 July, 2020"
2018,54,1534,350,1127,203,9,1376,428,5081,066,"27 July, 2020"
2019,66,1904,338,1131,167,7,1666,565,5844,066,"27 July, 2020"
2020,28,826,155,560,79,7,435,383,2473,066,"27 July, 2020"
2002,0,367,1,225,1,15,320,126,1055,067,"27 July, 2020"
2003,0,531,0,245,2,15,274,138,1205,067,"27 July, 2020"
2004,7,477,100,261,0,10,336,153,1344,067,"27 July, 2020"
2005,6,291,135,313,1,24,368,179,1317,067,"27 July, 2020"
2006,8,376,116,310,3,17,355,132,1317,067,"27 July, 2020"
2007,22,381,183,238,4,27,433,127,1415,067,"27 July, 2020"
2008,31,386,171,229,6,14,422,108,1367,067,"27 July, 2020"
2009,20,413,98,322,11,18,471,107,1460,067,"27 July, 2020"
2010,15,409,102,206,21,14,528,67,1362,067,"27 July, 2020"
2011,24,354,60,235,31,19,536,99,1358,067,"27 July, 2020"
2012,14,321,65,265,80,10,506,139,1400,067,"27 July, 2020"
2013,9,443,96,304,112,11,569,197,1741,067,"27 July, 2020"
2014,26,481,74,289,119,17,792,64,1862,067,"27 July, 2020"
2015,9,627,76,286,194,14,725,69,2000,067,"27 July, 2020"
2016,20,677,55,298,165,16,738,60,2029,067,"27 July, 2020"
2017,11,619,102,305,68,9,742,161,2017,067,"27 July, 2020"
2018,11,765,89,320,89,31,761,217,2283,067,"27 July, 2020"
2019,21,741,89,313,157,20,974,226,2541,067,"27 July, 2020"
2020,6,229,31,114,44,15,968,118,1525,067,"27 July, 2020"
1991,0,2,0,0,0,0,0,0,2,047,"27 July, 2020"
1992,0,1,1,0,0,0,0,2,4,047,"27 July, 2020"
1993,0,0,3,0,0,0,0,0,3,047,"27 July, 2020"
1994,0,2,1,3,0,0,0,0,6,047,"27 July, 2020"
1995,0,7,7,6,0,0,0,0,20,047,"27 July, 2020"
1996,0,3,1,1,0,0,0,0,5,047,"27 July, 2020"
1997,0,3,2,5,0,0,0,0,10,047,"27 July, 2020"
1998,0,0,4,6,0,0,1,0,11,047,"27 July, 2020"
1999,0,4,0,5,1,0,0,0,10,047,"27 July, 2020"
2000,0,4,1,1,0,0,0,0,6,047,"27 July, 2020"
2001,0,1,17,0,0,0,0,1,19,047,"27 July, 2020"
2002,0,1,12,2,0,0,0,0,15,047,"27 July, 2020"
2003,0,3,8,3,0,0,0,0,14,047,"27 July, 2020"
2004,0,1,6,5,0,0,1,0,13,047,"27 July, 2020"
2005,0,9,5,2,0,0,0,0,16,047,"27 July, 2020"
2006,0,4,6,1,0,0,0,0,11,047,"27 July, 2020"
2007,0,5,2,0,0,0,0,0,7,047,"27 July, 2020"
2008,0,3,1,2,0,0,0,0,6,047,"27 July, 2020"
2009,0,0,4,0,0,0,0,0,4,047,"27 July, 2020"
2010,0,0,1,2,0,0,0,1,4,047,"27 July, 2020"
2011,0,3,0,3,0,0,0,0,6,047,"27 July, 2020"
2012,0,0,0,0,0,0,0,0,0,047,"27 July, 2020"
2013,0,2,1,2,0,0,0,2,7,047,"27 July, 2020"
2014,0,0,3,0,0,0,0,0,3,047,"27 July, 2020"
2015,0,0,0,3,0,1,0,0,4,047,"27 July, 2020"
2016,0,0,0,2,0,0,0,0,2,047,"27 July, 2020"
2017,0,1,1,3,1,0,2,0,8,047,"27 July, 2020"
2018,0,1,1,3,0,0,2,1,8,047,"27 July, 2020"
2019,0,1,0,0,0,0,4,1,6,047,"27 July, 2020"
2020,0,2,2,1,1,0,2,1,9,047,"27 July, 2020"
1991,0,5,0,NN,1,1,0,4,11,033,"27 July, 2020"
1992,0,2,1,NN,2,0,4,4,13,033,"27 July, 2020"
1993,0,5,0,NN,3,0,2,0,10,033,"27 July, 2020"
1994,0,4,0,0,6,0,1,2,13,033,"27 July, 2020"
1995,0,0,0,0,0,0,4,3,7,033,"27 July, 2020"
1996,0,1,0,0,0,0,1,1,3,033,"27 July, 2020"
1997,0,3,0,2,0,1,1,0,7,033,"27 July, 2020"
1998,0,3,0,1,1,1,1,1,8,033,"27 July, 2020"
1999,0,1,0,1,0,0,0,0,2,033,"27 July, 2020"
2000,0,3,0,2,3,0,0,0,8,033,"27 July, 2020"
2001,0,0,0,0,1,0,1,0,2,033,"27 July, 2020"
2002,0,0,0,3,0,0,0,1,4,033,"27 July, 2020"
2003,0,1,0,2,0,0,1,0,4,033,"27 July, 2020"
2004,0,1,0,3,2,0,0,0,6,033,"27 July, 2020"
2005,0,1,0,0,0,1,0,0,2,033,"27 July, 2020"
2006,0,2,0,0,0,0,1,0,3,033,"27 July, 2020"
2007,0,2,0,0,0,1,0,0,3,033,"27 July, 2020"
2008,0,1,0,1,0,0,1,1,4,033,"27 July, 2020"
2009,0,2,0,0,0,0,1,0,3,033,"27 July, 2020"
2010,0,1,0,0,0,0,1,0,2,033,"27 July, 2020"
2011,0,1,0,1,0,0,0,1,3,033,"27 July, 2020"
2012,0,1,0,2,1,0,2,1,7,033,"27 July, 2020"
2013,0,2,0,0,1,0,0,1,4,033,"27 July, 2020"
2014,0,1,0,1,0,0,0,1,3,033,"27 July, 2020"
2015,0,1,0,0,0,0,1,0,2,033,"27 July, 2020"
2016,0,0,0,4,0,0,2,1,7,033,"27 July, 2020"
2017,0,1,0,1,2,0,0,0,4,033,"27 July, 2020"
2018,0,0,0,1,0,0,1,1,3,033,"27 July, 2020"
2019,0,1,0,1,1,0,0,0,3,033,"27 July, 2020"
2020,0,0,0,1,0,0,0,0,1,033,"27 July, 2020"
1991,7,307,34,103,65,14,11,67,608,034,"27 July, 2020"
1992,13,435,33,114,63,12,225,53,948,034,"27 July, 2020"
1993,15,405,31,96,64,16,296,65,988,034,"27 July, 2020"
1994,9,404,30,99,55,15,333,76,1021,034,"27 July, 2020"
1995,8,414,40,122,60,12,290,75,1021,034,"27 July, 2020"
1996,17,446,35,124,39,11,295,79,1046,034,"27 July, 2020"
1997,10,409,37,103,48,14,296,65,982,034,"27 July, 2020"
1998,17,390,32,105,54,9,223,76,906,034,"27 July, 2020"
1999,13,503,101,72,67,11,304,82,1153,034,"27 July, 2020"
2000,13,431,59,110,56,11,298,83,1061,034,"27 July, 2020"
2001,12,432,40,130,50,11,296,65,1036,034,"27 July, 2020"
2002,16,450,38,140,49,10,295,61,1059,034,"27 July, 2020"
2003,18,390,29,111,47,3,327,64,989,034,"27 July, 2020"
2004,14,420,26,124,61,11,320,80,1056,034,"27 July, 2020"
2005,19,443,26,108,48,12,357,60,1073,034,"27 July, 2020"
2006,14,473,29,139,76,8,356,111,1206,034,"27 July, 2020"
2007,10,447,58,129,62,6,358,59,1129,034,"27 July, 2020"
2008,13,499,38,131,62,8,373,95,1219,034,"27 July, 2020"
2009,23,520,21,159,58,9,410,107,1307,034,"27 July, 2020"
2010,10,510,37,177,74,10,435,109,1362,034,"27 July, 2020"
2011,20,540,35,221,72,17,358,123,1386,034,"27 July, 2020"
2012,17,470,28,171,83,6,368,172,1315,034,"27 July, 2020"
2013,18,443,43,153,69,8,376,149,1259,034,"27 July, 2020"
2014,30,475,29,166,48,9,443,139,1339,034,"27 July, 2020"
2015,16,444,27,182,85,13,351,131,1249,034,"27 July, 2020"
2016,24,533,22,181,86,9,363,143,1361,034,"27 July, 2020"
2017,24,544,21,188,74,10,443,132,1436,034,"27 July, 2020"
2018,34,509,18,199,83,9,450,136,1438,034,"27 July, 2020"
2019,17,597,27,194,72,11,455,138,1511,034,"27 July, 2020"
2020,19,322,13,99,25,9,258,72,817,034,"27 July, 2020"
2003,0,0,0,0,0,0,0,0,0,070,"27 July, 2020"
2004,0,0,0,0,0,0,0,0,0,070,"27 July, 2020"
2005,0,0,0,0,0,0,0,0,0,070,"27 July, 2020"
2006,0,0,0,0,0,0,0,0,0,070,"27 July, 2020"
2007,0,0,0,0,0,0,0,0,0,070,"27 July, 2020"
2008,0,0,0,0,0,0,0,0,0,070,"27 July, 2020"
2009,0,0,0,0,0,0,0,0,0,070,"27 July, 2020"
2010,0,0,0,0,0,0,0,0,0,070,"27 July, 2020"
2011,0,0,0,0,0,2,0,0,2,070,"27 July, 2020"
2012,0,0,0,0,0,0,0,0,0,070,"27 July, 2020"
2013,0,0,0,0,0,0,0,0,0,070,"27 July, 2020"
2014,0,0,0,0,0,0,0,0,0,070,"27 July, 2020"
2015,0,0,0,0,0,0,0,0,0,070,"27 July, 2020"
2016,0,0,0,0,0,0,0,0,0,070,"27 July, 2020"
2017,0,0,0,0,0,0,0,0,0,070,"27 July, 2020"
2018,0,0,0,0,0,0,0,0,0,070,"27 July, 2020"
2019,0,0,0,0,0,0,0,0,0,070,"27 July, 2020"
2020,0,2,0,0,0,0,0,0,2,070,"27 July, 2020"
1991,0,37,1,13,3,0,9,11,74,035,"27 July, 2020"
1992,1,20,0,9,5,0,2,6,43,035,"27 July, 2020"
1993,1,27,0,8,1,0,4,3,44,035,"27 July, 2020"
1994,2,25,3,2,2,2,0,16,52,035,"27 July, 2020"
1995,2,27,0,6,2,1,0,10,48,035,"27 July, 2020"
1996,3,30,0,9,4,0,15,5,66,035,"27 July, 2020"
1997,0,27,4,8,3,0,18,11,71,035,"27 July, 2020"
1998,0,18,1,11,3,2,11,11,57,035,"27 July, 2020"
1999,0,32,0,3,5,0,14,9,63,035,"27 July, 2020"
2000,1,28,1,2,3,0,11,11,57,035,"27 July, 2020"
2001,2,31,2,10,3,1,14,11,74,035,"27 July, 2020"
2002,1,26,0,12,4,0,22,5,70,035,"27 July, 2020"
2003,0,15,0,4,2,1,18,10,50,035,"27 July, 2020"
2004,1,38,0,9,3,0,17,5,73,035,"27 July, 2020"
2005,0,27,0,3,2,0,12,8,52,035,"27 July, 2020"
2006,0,35,3,6,2,1,19,11,77,035,"27 July, 2020"
2007,0,34,3,6,5,3,29,9,89,035,"27 July, 2020"
2008,0,43,1,18,3,0,33,8,106,035,"27 July, 2020"
2009,2,47,0,13,2,1,42,8,115,035,"27 July, 2020"
2010,2,31,2,20,5,1,24,11,96,035,"27 July, 2020"
2011,2,45,3,22,9,3,36,15,135,035,"27 July, 2020"
2012,1,43,4,15,3,1,37,18,122,035,"27 July, 2020"
2013,5,59,0,24,8,0,44,10,150,035,"27 July, 2020"
2014,1,45,1,17,9,1,29,14,117,035,"27 July, 2020"
2015,2,42,0,24,8,1,29,8,114,035,"27 July, 2020"
2016,3,35,1,19,6,1,27,12,104,035,"27 July, 2020"
2017,1,55,1,17,5,0,44,21,144,035,"27 July, 2020"
2018,5,59,0,32,6,3,58,13,176,035,"27 July, 2020"
2019,9,65,1,25,10,0,72,20,202,035,"27 July, 2020"
2020,2,29,2,10,3,3,27,3,79,035,"27 July, 2020"
1991,0,0,0,0,0,0,0,0,0,073,"27 July, 2020"
1992,0,0,0,0,0,0,0,0,0,073,"27 July, 2020"
1993,5,0,0,0,0,0,0,0,5,073,"27 July, 2020"
1994,27,0,0,0,0,0,0,0,27,073,"27 July, 2020"
1995,1,0,0,0,0,0,0,0,1,073,"27 July, 2020"
1996,11,0,0,0,1,0,0,0,12,073,"27 July, 2020"
1997,5,0,0,0,0,0,0,0,5,073,"27 July, 2020"
1998,0,0,0,0,0,0,0,0,0,073,"27 July, 2020"
1999,0,0,0,0,0,0,0,0,0,073,"27 July, 2020"
2000,0,0,0,0,1,0,0,0,1,073,"27 July, 2020"
2001,0,0,0,0,0,0,0,0,0,073,"27 July, 2020"
2002,0,0,0,0,0,0,0,0,0,073,"27 July, 2020"
2003,1,0,0,1,1,0,0,1,4,073,"27 July, 2020"
2004,0,0,0,0,0,0,0,0,0,073,"27 July, 2020"
2005,0,0,1,1,14,0,0,0,16,073,"27 July, 2020"
2006,28,NN,193,380,758,16,NN,247,1622,073,"27 July, 2020"
2007,9,NN,198,386,730,17,0,325,1665,073,"27 July, 2020"
2008,12,0,115,431,629,30,NN,359,1576,073,"27 July, 2020"
2009,2,0,89,302,477,38,570,320,1798,073,"27 July, 2020"
2010,4,NN,84,352,389,24,541,403,1797,073,"27 July, 2020"
2011,11,NN,148,302,483,36,688,435,2103,073,"27 July, 2020"
2012,16,NN,150,244,482,28,735,336,1991,073,"27 July, 2020"
2013,22,NN,97,360,397,30,873,355,2134,073,"27 July, 2020"
2014,63,NN,104,301,347,46,823,428,2112,073,"27 July, 2020"
2015,65,NN,118,332,457,68,963,486,2489,073,"27 July, 2020"
2016,100,NN,128,376,428,71,1308,619,3030,073,"27 July, 2020"
2017,113,NN,79,473,500,57,1250,700,3172,073,"27 July, 2020"
2018,217,NN,74,1272,696,64,1609,668,4600,073,"27 July, 2020"
2019,308,NN,96,1297,620,77,1372,622,4392,073,"27 July, 2020"
2020,73,0,43,381,224,19,319,253,1312,073,"27 July, 2020"
1991,0,0,0,0,0,0,0,0,0,074,"27 July, 2020"
1992,0,0,0,0,0,0,0,0,0,074,"27 July, 2020"
1993,0,0,0,0,0,0,0,1,1,074,"27 July, 2020"
1994,0,0,0,0,0,0,0,0,0,074,"27 July, 2020"
1995,0,0,0,0,0,0,0,0,0,074,"27 July, 2020"
1996,0,0,0,0,0,0,0,0,0,074,"27 July, 2020"
1997,1,0,0,0,0,0,0,0,1,074,"27 July, 2020"
1998,1,0,0,0,0,0,0,0,1,074,"27 July, 2020"
1999,0,0,0,0,1,0,0,0,1,074,"27 July, 2020"
2000,0,0,0,0,1,0,0,2,3,074,"27 July, 2020"
2001,0,0,0,0,0,0,0,0,0,074,"27 July, 2020"
2002,2,0,0,0,1,0,0,1,4,074,"27 July, 2020"
2003,5,0,0,0,1,0,0,0,6,074,"27 July, 2020"
2004,0,0,0,0,0,0,0,0,0,074,"27 July, 2020"
2005,0,0,0,0,7,0,0,0,7,074,"27 July, 2020"
2006,8,NN,80,245,625,58,NN,165,1181,074,"27 July, 2020"
2007,6,NN,90,392,593,95,1,407,1584,074,"27 July, 2020"
2008,7,0,106,447,942,139,NN,533,2174,074,"27 July, 2020"
2009,12,0,113,311,1051,133,619,549,2788,074,"27 July, 2020"
2010,31,NN,130,98,1176,193,697,728,3053,074,"27 July, 2020"
2011,28,NN,185,75,1624,217,994,909,4032,074,"27 July, 2020"
2012,52,NN,187,73,1781,263,1114,1056,4526,074,"27 July, 2020"
2013,52,NN,246,58,1903,247,1227,1275,5008,074,"27 July, 2020"
2014,93,NN,245,55,2067,268,1419,1381,5528,074,"27 July, 2020"
2015,196,NN,363,54,2328,248,1732,1445,6366,074,"27 July, 2020"
2016,254,NN,366,75,2356,307,2423,1731,7512,074,"27 July, 2020"
2017,275,NN,405,625,2860,371,2713,2000,9249,074,"27 July, 2020"
2018,367,NN,415,4561,3131,468,2967,2223,14132,074,"27 July, 2020"
2019,445,NN,441,5641,3373,443,2518,2236,15097,074,"27 July, 2020"
2020,246,0,248,2986,1763,207,1178,1307,7935,074,"27 July, 2020"
1991,0,0,0,0,0,0,0,0,0,075,"27 July, 2020"
1992,0,0,0,0,0,0,0,0,0,075,"27 July, 2020"
1993,0,0,0,0,0,0,0,0,0,075,"27 July, 2020"
1994,0,0,0,0,0,0,0,0,0,075,"27 July, 2020"
1995,0,0,0,0,0,0,0,0,0,075,"27 July, 2020"
1996,0,0,0,0,0,0,0,0,0,075,"27 July, 2020"
1997,0,0,0,0,0,0,0,0,0,075,"27 July, 2020"
1998,0,0,0,0,0,0,0,0,0,075,"27 July, 2020"
1999,0,0,0,1,0,0,0,0,1,075,"27 July, 2020"
2000,0,0,0,0,1,1,0,0,2,075,"27 July, 2020"
2001,0,0,0,0,2,0,0,0,2,075,"27 July, 2020"
2002,0,0,0,1,0,0,1,0,2,075,"27 July, 2020"
2003,0,0,0,0,0,0,0,0,0,075,"27 July, 2020"
2004,0,0,0,0,0,0,0,0,0,075,"27 July, 2020"
2005,0,0,0,137,4,0,0,0,141,075,"27 July, 2020"
2006,72,NN,1,3165,318,12,NN,197,3765,075,"27 July, 2020"
2007,102,NN,4,3056,438,18,0,635,4253,075,"27 July, 2020"
2008,105,0,2,3135,219,36,NN,737,4234,075,"27 July, 2020"
2009,67,NN,13,3627,277,66,2471,853,7374,075,"27 July, 2020"
2010,87,NN,3,3892,293,70,2888,865,8098,075,"27 July, 2020"
2011,100,NN,3,4000,102,62,3271,998,8536,075,"27 July, 2020"
2012,128,NN,9,4406,73,84,3538,1084,9322,075,"27 July, 2020"
2013,138,NN,10,5243,238,87,4086,1264,11066,075,"27 July, 2020"
2014,183,NN,8,5544,295,142,4700,1244,12116,075,"27 July, 2020"
2015,125,NN,2,6488,354,146,4983,1425,13523,075,"27 July, 2020"
2016,176,NN,5,7395,415,140,5940,1520,15591,075,"27 July, 2020"
2017,200,NN,7,7191,192,160,6403,1568,15721,075,"27 July, 2020"
2018,88,NN,7,3718,204,122,7204,1518,12861,075,"27 July, 2020"
2019,149,NN,4,2879,107,216,8538,1384,13277,075,"27 July, 2020"
2020,71,0,26,2089,151,128,3998,841,7304,075,"27 July, 2020"
1991,0,0,0,0,0,0,0,0,0,036,"27 July, 2020"
1992,0,0,0,0,0,0,0,0,0,036,"27 July, 2020"
1993,0,0,0,0,0,0,0,0,0,036,"27 July, 2020"
1994,0,0,0,0,0,0,0,0,0,036,"27 July, 2020"
1995,0,0,0,0,0,0,0,0,0,036,"27 July, 2020"
1996,0,0,0,0,0,0,0,0,0,036,"27 July, 2020"
1997,0,0,0,0,0,0,0,0,0,036,"27 July, 2020"
1998,0,0,0,0,0,0,0,0,0,036,"27 July, 2020"
1999,0,0,0,0,0,0,0,0,0,036,"27 July, 2020"
2000,0,0,0,0,0,0,0,0,0,036,"27 July, 2020"
2001,0,0,0,0,0,0,0,0,0,036,"27 July, 2020"
2002,0,0,0,0,0,0,0,0,0,036,"27 July, 2020"
2003,0,0,0,0,0,0,0,0,0,036,"27 July, 2020"
2004,0,0,0,0,0,0,0,0,0,036,"27 July, 2020"
2005,0,0,0,0,0,0,0,0,0,036,"27 July, 2020"
2006,0,0,0,0,0,0,0,0,0,036,"27 July, 2020"
2007,0,0,0,0,0,0,0,0,0,036,"27 July, 2020"
2008,0,0,0,0,0,0,0,0,0,036,"27 July, 2020"
2009,0,0,0,0,0,0,0,0,0,036,"27 July, 2020"
2010,0,0,0,0,0,0,0,0,0,036,"27 July, 2020"
2011,0,0,0,0,0,0,0,0,0,036,"27 July, 2020"
2012,0,0,0,0,0,0,0,0,0,036,"27 July, 2020"
2013,0,0,0,0,0,0,0,0,0,036,"27 July, 2020"
2014,0,0,0,0,0,0,0,0,0,036,"27 July, 2020"
2015,0,0,0,0,0,0,0,0,0,036,"27 July, 2020"
2016,0,0,0,0,0,0,0,0,0,036,"27 July, 2020"
2017,0,0,0,0,0,0,0,0,0,036,"27 July, 2020"
2018,0,0,0,0,0,0,0,0,0,036,"27 July, 2020"
2019,0,0,0,0,0,0,0,0,0,036,"27 July, 2020"
2020,0,0,0,0,0,0,0,0,0,036,"27 July, 2020"
2001,-,1,2,0,0,0,1,1,5,060,"27 July, 2020"
2002,-,0,0,0,0,0,0,0,0,060,"27 July, 2020"
2003,-,0,0,9,0,0,0,0,9,060,"27 July, 2020"
2004,-,0,0,5,0,0,1,0,6,060,"27 July, 2020"
2005,-,0,0,1,0,0,0,0,1,060,"27 July, 2020"
2006,-,0,0,1,0,0,0,2,3,060,"27 July, 2020"
2007,-,0,0,0,0,0,1,0,1,060,"27 July, 2020"
2008,-,0,0,1,0,0,0,0,1,060,"27 July, 2020"
2009,0,0,1,1,0,0,0,0,2,060,"27 July, 2020"
2010,0,0,1,1,0,0,0,0,2,060,"27 July, 2020"
2011,0,1,1,0,0,0,0,0,2,060,"27 July, 2020"
2012,0,0,0,0,0,0,0,0,0,060,"27 July, 2020"
2013,0,0,0,2,0,0,0,0,2,060,"27 July, 2020"
2014,0,0,0,0,0,0,1,0,1,060,"27 July, 2020"
2015,0,1,0,0,0,0,0,0,1,060,"27 July, 2020"
2016,0,0,0,0,0,0,0,0,0,060,"27 July, 2020"
2017,0,0,0,0,0,0,1,4,5,060,"27 July, 2020"
2018,0,0,0,0,0,0,0,0,0,060,"27 July, 2020"
2019,0,1,0,1,0,0,0,0,2,060,"27 July, 2020"
2020,0,0,0,0,0,0,0,0,0,060,"27 July, 2020"
1991,0,0,0,0,0,0,0,0,0,041,"27 July, 2020"
1992,0,0,0,0,0,0,0,0,0,041,"27 July, 2020"
1993,0,0,0,0,0,0,0,0,0,041,"27 July, 2020"
1994,0,0,0,0,0,0,0,0,0,041,"27 July, 2020"
1995,0,0,0,0,0,0,0,0,0,041,"27 July, 2020"
1996,0,0,0,0,0,0,0,0,0,041,"27 July, 2020"
1997,0,0,0,0,0,0,0,0,0,041,"27 July, 2020"
1998,0,0,0,0,0,0,0,0,0,041,"27 July, 2020"
1999,0,0,0,0,0,0,0,0,0,041,"27 July, 2020"
2000,0,0,0,0,0,0,0,0,0,041,"27 July, 2020"
2001,0,0,0,0,0,0,0,0,0,041,"27 July, 2020"
2002,0,0,0,0,0,0,0,0,0,041,"27 July, 2020"
2003,0,0,0,0,0,0,0,0,0,041,"27 July, 2020"
2004,0,0,0,0,0,0,0,0,0,041,"27 July, 2020"
2005,0,0,0,0,0,0,0,0,0,041,"27 July, 2020"
2006,0,0,0,0,0,0,0,0,0,041,"27 July, 2020"
2007,0,0,0,0,0,0,0,0,0,041,"27 July, 2020"
2008,0,0,0,0,0,0,0,0,0,041,"27 July, 2020"
2009,0,0,0,0,0,0,0,0,0,041,"27 July, 2020"
2010,0,0,0,0,0,0,0,0,0,041,"27 July, 2020"
2011,0,0,0,0,0,0,0,0,0,041,"27 July, 2020"
2012,0,0,0,0,0,0,0,0,0,041,"27 July, 2020"
2013,0,0,0,0,0,0,0,0,0,041,"27 July, 2020"
2014,0,0,0,0,0,0,0,0,0,041,"27 July, 2020"
2015,0,0,0,0,0,0,0,0,0,041,"27 July, 2020"
2016,0,0,0,0,0,0,0,0,0,041,"27 July, 2020"
2017,0,0,0,0,0,0,0,0,0,041,"27 July, 2020"
2018,0,0,0,0,0,0,0,0,0,041,"27 July, 2020"
2019,0,0,0,0,0,0,0,0,0,041,"27 July, 2020"
2020,0,0,0,0,0,0,0,0,0,041,"27 July, 2020"
